
INSERT INTO public.alias (predmet_id, smjer_id, alias) VALUES (9, 3, 'OGM55FR2U');
INSERT INTO public.alias (predmet_id, smjer_id, alias) VALUES (1, 3, 'TGFAVLAFT');
INSERT INTO public.alias (predmet_id, smjer_id, alias) VALUES (1, 3, 'UJ2VSSZD0');
INSERT INTO public.alias (predmet_id, smjer_id, alias) VALUES (1, 3, '52PE5RSWT');
INSERT INTO public.alias (predmet_id, smjer_id, alias) VALUES (1, 3, 'PRMF29ETC');
INSERT INTO public.alias (predmet_id, smjer_id, alias) VALUES (1, 3, 'KXN5H64TO');
INSERT INTO public.alias (predmet_id, smjer_id, alias) VALUES (1, 3, 'PX7X9VNK6');
INSERT INTO public.alias (predmet_id, smjer_id, alias) VALUES (1, 3, '1HI2O33TX');
INSERT INTO public.alias (predmet_id, smjer_id, alias) VALUES (1, 3, 'N37JBH5NX');
INSERT INTO public.alias (predmet_id, smjer_id, alias) VALUES (1, 3, 'V8FVIGRRI');
INSERT INTO public.alias (predmet_id, smjer_id, alias) VALUES (1, 3, 'ZSSM88AZ5');
INSERT INTO public.alias (predmet_id, smjer_id, alias) VALUES (1, 3, 'JAP109HJR');
INSERT INTO public.alias (predmet_id, smjer_id, alias) VALUES (1, 3, 'B824DT0DF');
INSERT INTO public.alias (predmet_id, smjer_id, alias) VALUES (1, 3, 'J3Z7Q2TLA');
INSERT INTO public.alias (predmet_id, smjer_id, alias) VALUES (1, 3, 'ZZ0FVPKCU');
INSERT INTO public.alias (predmet_id, smjer_id, alias) VALUES (1, 3, '5R39EGJQO');
INSERT INTO public.alias (predmet_id, smjer_id, alias) VALUES (1, 3, '45E54Z9RS');
INSERT INTO public.alias (predmet_id, smjer_id, alias) VALUES (1, 3, '0FCHTBAXO');
INSERT INTO public.alias (predmet_id, smjer_id, alias) VALUES (1, 3, '13O2N3MVM');
INSERT INTO public.alias (predmet_id, smjer_id, alias) VALUES (1, 3, '42Y2VZ2A8');
INSERT INTO public.alias (predmet_id, smjer_id, alias) VALUES (1, 3, '2M1SX6N7C');
INSERT INTO public.alias (predmet_id, smjer_id, alias) VALUES (1, 3, 'HQ3C3G81C');
INSERT INTO public.alias (predmet_id, smjer_id, alias) VALUES (1, 3, '38Q02ZLJR');
INSERT INTO public.alias (predmet_id, smjer_id, alias) VALUES (1, 3, 'D5FNBZMSF');
INSERT INTO public.alias (predmet_id, smjer_id, alias) VALUES (1, 3, 'VNR6A00Y7');
INSERT INTO public.alias (predmet_id, smjer_id, alias) VALUES (1, 3, '6YPA9DYGM');
INSERT INTO public.alias (predmet_id, smjer_id, alias) VALUES (1, 3, 'J76CXOZCS');
INSERT INTO public.alias (predmet_id, smjer_id, alias) VALUES (1, 3, 'WLGWGPWF9');
INSERT INTO public.alias (predmet_id, smjer_id, alias) VALUES (1, 3, 'SG38S1U09');
INSERT INTO public.alias (predmet_id, smjer_id, alias) VALUES (1, 3, '6TGPF26OQ');
INSERT INTO public.alias (predmet_id, smjer_id, alias) VALUES (1, 3, '52NZ7I98J');
INSERT INTO public.alias (predmet_id, smjer_id, alias) VALUES (1, 3, 'RFLDDAJEV');
INSERT INTO public.alias (predmet_id, smjer_id, alias) VALUES (1, 3, '5M1E78RUS');
INSERT INTO public.alias (predmet_id, smjer_id, alias) VALUES (1, 3, '4L5FL1IFX');
INSERT INTO public.alias (predmet_id, smjer_id, alias) VALUES (1, 3, '16FH21WTZ');
INSERT INTO public.alias (predmet_id, smjer_id, alias) VALUES (1, 3, 'TJLWGD4UF');
INSERT INTO public.alias (predmet_id, smjer_id, alias) VALUES (1, 3, '2I6PLN893');
INSERT INTO public.alias (predmet_id, smjer_id, alias) VALUES (1, 3, '5VOUBXS0L');
INSERT INTO public.alias (predmet_id, smjer_id, alias) VALUES (1, 3, '0SQ6I7YD2');
INSERT INTO public.alias (predmet_id, smjer_id, alias) VALUES (1, 3, '5VFYM636R');
INSERT INTO public.alias (predmet_id, smjer_id, alias) VALUES (1, 3, 'QNGJ55JX6');
INSERT INTO public.alias (predmet_id, smjer_id, alias) VALUES (2, 3, 'POWSORL1N');
INSERT INTO public.alias (predmet_id, smjer_id, alias) VALUES (2, 3, 'LW6ZEB0GW');
INSERT INTO public.alias (predmet_id, smjer_id, alias) VALUES (2, 3, 'ZJ594CSPT');
INSERT INTO public.alias (predmet_id, smjer_id, alias) VALUES (2, 3, 'TD74LLKBM');
INSERT INTO public.alias (predmet_id, smjer_id, alias) VALUES (2, 3, '4JTC0V5TU');
INSERT INTO public.alias (predmet_id, smjer_id, alias) VALUES (2, 3, 'A49Y344DX');
INSERT INTO public.alias (predmet_id, smjer_id, alias) VALUES (2, 3, 'Y8GWS8KHW');
INSERT INTO public.alias (predmet_id, smjer_id, alias) VALUES (2, 3, 'GOAGLY684');
INSERT INTO public.alias (predmet_id, smjer_id, alias) VALUES (2, 3, 'NG8P5Z5I7');
INSERT INTO public.alias (predmet_id, smjer_id, alias) VALUES (2, 3, 'SGLJBM9LA');
INSERT INTO public.alias (predmet_id, smjer_id, alias) VALUES (2, 3, 'CVLN6M2PJ');
INSERT INTO public.alias (predmet_id, smjer_id, alias) VALUES (2, 3, 'HFUQS5GT6');
INSERT INTO public.alias (predmet_id, smjer_id, alias) VALUES (2, 3, 'M3ROLY6RV');
INSERT INTO public.alias (predmet_id, smjer_id, alias) VALUES (2, 3, 'AQ621SRTA');
INSERT INTO public.alias (predmet_id, smjer_id, alias) VALUES (2, 3, 'K1BXD9SF5');
INSERT INTO public.alias (predmet_id, smjer_id, alias) VALUES (2, 3, 'EYBEA3H7H');
INSERT INTO public.alias (predmet_id, smjer_id, alias) VALUES (2, 3, 'XSPFXS296');
INSERT INTO public.alias (predmet_id, smjer_id, alias) VALUES (2, 3, 'TUO17SHLX');
INSERT INTO public.alias (predmet_id, smjer_id, alias) VALUES (2, 3, 'Y0K9WL0DN');
INSERT INTO public.alias (predmet_id, smjer_id, alias) VALUES (2, 3, 'RZVE6Y7FE');
INSERT INTO public.alias (predmet_id, smjer_id, alias) VALUES (2, 3, '0IBAVW45M');
INSERT INTO public.alias (predmet_id, smjer_id, alias) VALUES (2, 3, 'C8AZ2OVYD');
INSERT INTO public.alias (predmet_id, smjer_id, alias) VALUES (2, 3, '3J96HMUOF');
INSERT INTO public.alias (predmet_id, smjer_id, alias) VALUES (2, 3, 'H22VBYHT6');
INSERT INTO public.alias (predmet_id, smjer_id, alias) VALUES (2, 3, '06PHQO874');
INSERT INTO public.alias (predmet_id, smjer_id, alias) VALUES (2, 3, 'BEUC3N5EI');
INSERT INTO public.alias (predmet_id, smjer_id, alias) VALUES (2, 3, 'T55RJUKR6');
INSERT INTO public.alias (predmet_id, smjer_id, alias) VALUES (2, 3, 'CKVQ0F9RY');
INSERT INTO public.alias (predmet_id, smjer_id, alias) VALUES (2, 3, 'FGU5H7L4E');
INSERT INTO public.alias (predmet_id, smjer_id, alias) VALUES (2, 3, 'BC86STK33');
INSERT INTO public.alias (predmet_id, smjer_id, alias) VALUES (2, 3, '5W0O7Q742');
INSERT INTO public.alias (predmet_id, smjer_id, alias) VALUES (2, 3, 'A7ISXQXIE');
INSERT INTO public.alias (predmet_id, smjer_id, alias) VALUES (2, 3, 'Z7EO8MNNZ');
INSERT INTO public.alias (predmet_id, smjer_id, alias) VALUES (2, 3, '9DERWPDBQ');
INSERT INTO public.alias (predmet_id, smjer_id, alias) VALUES (2, 3, 'OZFC7MU3L');
INSERT INTO public.alias (predmet_id, smjer_id, alias) VALUES (2, 3, '7T4JZAGJ6');
INSERT INTO public.alias (predmet_id, smjer_id, alias) VALUES (2, 3, 'TPA7V8ZXG');
INSERT INTO public.alias (predmet_id, smjer_id, alias) VALUES (2, 3, 'OGEN9WPFK');
INSERT INTO public.alias (predmet_id, smjer_id, alias) VALUES (2, 3, 'VEVD7MQT6');
INSERT INTO public.alias (predmet_id, smjer_id, alias) VALUES (2, 3, '2OVV180LS');
INSERT INTO public.alias (predmet_id, smjer_id, alias) VALUES (7, 3, 'IWB5BLQVI');
INSERT INTO public.alias (predmet_id, smjer_id, alias) VALUES (7, 3, 'M69LZDNNV');
INSERT INTO public.alias (predmet_id, smjer_id, alias) VALUES (7, 3, 'PDP2WV66S');
INSERT INTO public.alias (predmet_id, smjer_id, alias) VALUES (7, 3, '3XNXH05YS');
INSERT INTO public.alias (predmet_id, smjer_id, alias) VALUES (7, 3, 'C5A2Z47TI');
INSERT INTO public.alias (predmet_id, smjer_id, alias) VALUES (7, 3, '4H1SHKMZB');
INSERT INTO public.alias (predmet_id, smjer_id, alias) VALUES (7, 3, 'U2MZZJTEX');
INSERT INTO public.alias (predmet_id, smjer_id, alias) VALUES (7, 3, 'HFAICIFRD');
INSERT INTO public.alias (predmet_id, smjer_id, alias) VALUES (7, 3, 'IVOQYV5NT');
INSERT INTO public.alias (predmet_id, smjer_id, alias) VALUES (7, 3, 'JYUEWD9JK');
INSERT INTO public.alias (predmet_id, smjer_id, alias) VALUES (7, 3, 'RC9HIZM6E');
INSERT INTO public.alias (predmet_id, smjer_id, alias) VALUES (7, 3, 'N3KWAU6Q2');
INSERT INTO public.alias (predmet_id, smjer_id, alias) VALUES (7, 3, '55VQ8KBRQ');
INSERT INTO public.alias (predmet_id, smjer_id, alias) VALUES (7, 3, 'XFFBMKJKG');
INSERT INTO public.alias (predmet_id, smjer_id, alias) VALUES (7, 3, 'ZK1ST4WLG');
INSERT INTO public.alias (predmet_id, smjer_id, alias) VALUES (7, 3, 'ULY78CI43');
INSERT INTO public.alias (predmet_id, smjer_id, alias) VALUES (7, 3, 'Q1Y14FWSX');
INSERT INTO public.alias (predmet_id, smjer_id, alias) VALUES (7, 3, 'O4KCBQGLJ');
INSERT INTO public.alias (predmet_id, smjer_id, alias) VALUES (7, 3, 'BB1X9GOYH');
INSERT INTO public.alias (predmet_id, smjer_id, alias) VALUES (7, 3, 'JJYTBJ0TQ');
INSERT INTO public.alias (predmet_id, smjer_id, alias) VALUES (7, 3, 'VYYSBJSPJ');
INSERT INTO public.alias (predmet_id, smjer_id, alias) VALUES (7, 3, 'T1REY9Q0M');
INSERT INTO public.alias (predmet_id, smjer_id, alias) VALUES (7, 3, 'OC57JQSO2');
INSERT INTO public.alias (predmet_id, smjer_id, alias) VALUES (7, 3, 'A07A7DV0O');
INSERT INTO public.alias (predmet_id, smjer_id, alias) VALUES (7, 3, 'SWLWXFRHU');
INSERT INTO public.alias (predmet_id, smjer_id, alias) VALUES (7, 3, 'KWY2KV0QR');
INSERT INTO public.alias (predmet_id, smjer_id, alias) VALUES (7, 3, 'ZFGE7SR4K');
INSERT INTO public.alias (predmet_id, smjer_id, alias) VALUES (7, 3, '1Y8J4O1L2');
INSERT INTO public.alias (predmet_id, smjer_id, alias) VALUES (7, 3, 'TQ214UQRR');
INSERT INTO public.alias (predmet_id, smjer_id, alias) VALUES (7, 3, 'WNNT968VM');
INSERT INTO public.alias (predmet_id, smjer_id, alias) VALUES (7, 3, 'MQRPUJOFR');
INSERT INTO public.alias (predmet_id, smjer_id, alias) VALUES (7, 3, 'SJVVUEDQS');
INSERT INTO public.alias (predmet_id, smjer_id, alias) VALUES (7, 3, 'QBJGOA904');
INSERT INTO public.alias (predmet_id, smjer_id, alias) VALUES (7, 3, 'RPDPA6URK');
INSERT INTO public.alias (predmet_id, smjer_id, alias) VALUES (7, 3, '6DF3OQ3PS');
INSERT INTO public.alias (predmet_id, smjer_id, alias) VALUES (7, 3, 'XJSWVLN33');
INSERT INTO public.alias (predmet_id, smjer_id, alias) VALUES (7, 3, '4KU1L60WM');
INSERT INTO public.alias (predmet_id, smjer_id, alias) VALUES (7, 3, '1P67DA7AY');
INSERT INTO public.alias (predmet_id, smjer_id, alias) VALUES (7, 3, '8WMG4GBSV');
INSERT INTO public.alias (predmet_id, smjer_id, alias) VALUES (7, 3, 'HXMIJFAUS');
INSERT INTO public.alias (predmet_id, smjer_id, alias) VALUES (7, 2, '8YOKPGMCG');
INSERT INTO public.alias (predmet_id, smjer_id, alias) VALUES (7, 2, '5ZTAR6KLY');
INSERT INTO public.alias (predmet_id, smjer_id, alias) VALUES (7, 2, 'PKD2NEZ1U');
INSERT INTO public.alias (predmet_id, smjer_id, alias) VALUES (7, 2, '17Y9PY8V6');
INSERT INTO public.alias (predmet_id, smjer_id, alias) VALUES (7, 2, 'AT5H6H8H6');
INSERT INTO public.alias (predmet_id, smjer_id, alias) VALUES (7, 2, '2ATKLL9MG');
INSERT INTO public.alias (predmet_id, smjer_id, alias) VALUES (7, 2, 'N8CK9KVED');
INSERT INTO public.alias (predmet_id, smjer_id, alias) VALUES (7, 2, 'BD1DTQ90D');
INSERT INTO public.alias (predmet_id, smjer_id, alias) VALUES (7, 2, 'RRVH0RDYV');
INSERT INTO public.alias (predmet_id, smjer_id, alias) VALUES (7, 2, '6H7DEULQN');
INSERT INTO public.alias (predmet_id, smjer_id, alias) VALUES (7, 2, 'FGFVZGQ4P');
INSERT INTO public.alias (predmet_id, smjer_id, alias) VALUES (7, 2, '6L06HJJZB');
INSERT INTO public.alias (predmet_id, smjer_id, alias) VALUES (7, 2, 'QAYJD5DRC');
INSERT INTO public.alias (predmet_id, smjer_id, alias) VALUES (7, 2, '7O82UPC46');
INSERT INTO public.alias (predmet_id, smjer_id, alias) VALUES (7, 2, '689F8G9B6');
INSERT INTO public.alias (predmet_id, smjer_id, alias) VALUES (7, 2, '1I4HA7DQP');
INSERT INTO public.alias (predmet_id, smjer_id, alias) VALUES (7, 2, '7G44NEXDP');
INSERT INTO public.alias (predmet_id, smjer_id, alias) VALUES (7, 2, 'GK8N2O2L4');
INSERT INTO public.alias (predmet_id, smjer_id, alias) VALUES (7, 2, 'OXW6M0H6L');
INSERT INTO public.alias (predmet_id, smjer_id, alias) VALUES (7, 2, 'F3KVPISAS');
INSERT INTO public.alias (predmet_id, smjer_id, alias) VALUES (7, 2, 'QIJGV8APA');
INSERT INTO public.alias (predmet_id, smjer_id, alias) VALUES (7, 2, 'CE7TQJK1R');
INSERT INTO public.alias (predmet_id, smjer_id, alias) VALUES (7, 2, 'KZG7EBGT4');
INSERT INTO public.alias (predmet_id, smjer_id, alias) VALUES (7, 2, 'F837PVI0C');
INSERT INTO public.alias (predmet_id, smjer_id, alias) VALUES (7, 2, 'HZ9MOMAGB');
INSERT INTO public.alias (predmet_id, smjer_id, alias) VALUES (7, 2, 'FID4SYDBK');
INSERT INTO public.alias (predmet_id, smjer_id, alias) VALUES (7, 2, 'ASB3N7PZV');
INSERT INTO public.alias (predmet_id, smjer_id, alias) VALUES (7, 2, '8ZSHRTLER');
INSERT INTO public.alias (predmet_id, smjer_id, alias) VALUES (7, 2, 'MRT05MBOO');
INSERT INTO public.alias (predmet_id, smjer_id, alias) VALUES (7, 2, 'JR986YH4V');
INSERT INTO public.alias (predmet_id, smjer_id, alias) VALUES (7, 2, 'G58I6LJCI');
INSERT INTO public.alias (predmet_id, smjer_id, alias) VALUES (7, 2, 'JHMTR99QL');
INSERT INTO public.alias (predmet_id, smjer_id, alias) VALUES (7, 2, '0TNBRU5FN');
INSERT INTO public.alias (predmet_id, smjer_id, alias) VALUES (7, 2, 'JBCD8MCZY');
INSERT INTO public.alias (predmet_id, smjer_id, alias) VALUES (7, 2, 'T7E5H3Z2A');
INSERT INTO public.alias (predmet_id, smjer_id, alias) VALUES (7, 2, '0807EJK50');
INSERT INTO public.alias (predmet_id, smjer_id, alias) VALUES (7, 2, '6XNHM2T9N');
INSERT INTO public.alias (predmet_id, smjer_id, alias) VALUES (7, 2, 'FFBM40RL9');
INSERT INTO public.alias (predmet_id, smjer_id, alias) VALUES (7, 2, 'ZXTP2XFBW');
INSERT INTO public.alias (predmet_id, smjer_id, alias) VALUES (7, 2, 'YUNZJGX2F');
INSERT INTO public.alias (predmet_id, smjer_id, alias) VALUES (9, 3, 'YHZ9HVLXR');
INSERT INTO public.alias (predmet_id, smjer_id, alias) VALUES (9, 3, 'D8U2LKOAU');
INSERT INTO public.alias (predmet_id, smjer_id, alias) VALUES (9, 3, '1PR4FQZWN');
INSERT INTO public.alias (predmet_id, smjer_id, alias) VALUES (9, 3, 'TNCIDGFAS');
INSERT INTO public.alias (predmet_id, smjer_id, alias) VALUES (9, 3, 'KZ4693N7H');
INSERT INTO public.alias (predmet_id, smjer_id, alias) VALUES (9, 3, 'T40RC2AX1');
INSERT INTO public.alias (predmet_id, smjer_id, alias) VALUES (9, 3, 'SR9JSQCQG');
INSERT INTO public.alias (predmet_id, smjer_id, alias) VALUES (9, 3, 'EJ1VHQZBQ');
INSERT INTO public.alias (predmet_id, smjer_id, alias) VALUES (9, 3, 'J7E3JU51K');
INSERT INTO public.alias (predmet_id, smjer_id, alias) VALUES (9, 3, '6MIYOSHJ5');
INSERT INTO public.alias (predmet_id, smjer_id, alias) VALUES (9, 3, 'ODDT1I8IJ');
INSERT INTO public.alias (predmet_id, smjer_id, alias) VALUES (9, 3, 'VVWGH1V2D');
INSERT INTO public.alias (predmet_id, smjer_id, alias) VALUES (9, 3, 'RXWC69MEI');
INSERT INTO public.alias (predmet_id, smjer_id, alias) VALUES (9, 3, '80YQD4Q3Z');
INSERT INTO public.alias (predmet_id, smjer_id, alias) VALUES (9, 3, '67326Z4UE');
INSERT INTO public.alias (predmet_id, smjer_id, alias) VALUES (9, 3, 'JTJLDT1QI');
INSERT INTO public.alias (predmet_id, smjer_id, alias) VALUES (9, 3, 'ACR8FO24N');
INSERT INTO public.alias (predmet_id, smjer_id, alias) VALUES (9, 3, 'XQSDIKQ3V');
INSERT INTO public.alias (predmet_id, smjer_id, alias) VALUES (9, 3, 'C7ZLIWU5Y');
INSERT INTO public.alias (predmet_id, smjer_id, alias) VALUES (9, 3, '42BHKY8NX');
INSERT INTO public.alias (predmet_id, smjer_id, alias) VALUES (9, 3, 'Y0XI71N97');
INSERT INTO public.alias (predmet_id, smjer_id, alias) VALUES (9, 3, 'BBDO7JHFJ');
INSERT INTO public.alias (predmet_id, smjer_id, alias) VALUES (9, 3, '36RXG1STT');
INSERT INTO public.alias (predmet_id, smjer_id, alias) VALUES (9, 3, 'TXUF676CM');
INSERT INTO public.alias (predmet_id, smjer_id, alias) VALUES (9, 3, 'XRA9PL3P2');
INSERT INTO public.alias (predmet_id, smjer_id, alias) VALUES (9, 3, '65Z2C64OV');
INSERT INTO public.alias (predmet_id, smjer_id, alias) VALUES (9, 3, 'B47I32W0E');
INSERT INTO public.alias (predmet_id, smjer_id, alias) VALUES (9, 3, 'CTTQAXX8O');
INSERT INTO public.alias (predmet_id, smjer_id, alias) VALUES (9, 3, 'AQ3HG6PUU');
INSERT INTO public.alias (predmet_id, smjer_id, alias) VALUES (9, 3, 'FJQA629IA');
INSERT INTO public.alias (predmet_id, smjer_id, alias) VALUES (9, 3, 'DJWAVKHMR');
INSERT INTO public.alias (predmet_id, smjer_id, alias) VALUES (9, 3, '5JVKEFQSB');
INSERT INTO public.alias (predmet_id, smjer_id, alias) VALUES (9, 3, 'I7PX5C3M1');
INSERT INTO public.alias (predmet_id, smjer_id, alias) VALUES (9, 3, 'SX090P1B4');
INSERT INTO public.alias (predmet_id, smjer_id, alias) VALUES (9, 3, 'CQV9TST7E');
INSERT INTO public.alias (predmet_id, smjer_id, alias) VALUES (9, 3, 'QFFKEFAAM');
INSERT INTO public.alias (predmet_id, smjer_id, alias) VALUES (9, 3, '40DDMBZ4K');
INSERT INTO public.alias (predmet_id, smjer_id, alias) VALUES (9, 3, '7DQXQIQZX');
INSERT INTO public.alias (predmet_id, smjer_id, alias) VALUES (9, 3, 'DIJVXLDHE');
INSERT INTO public.alias (predmet_id, smjer_id, alias) VALUES (10, 3, '8FX6PPWNE');
INSERT INTO public.alias (predmet_id, smjer_id, alias) VALUES (10, 3, 'JVWSQ2590');
INSERT INTO public.alias (predmet_id, smjer_id, alias) VALUES (10, 3, 'OF4GH58PN');
INSERT INTO public.alias (predmet_id, smjer_id, alias) VALUES (10, 3, 'KFYYMIILY');
INSERT INTO public.alias (predmet_id, smjer_id, alias) VALUES (10, 3, 'IGIF9LYNX');
INSERT INTO public.alias (predmet_id, smjer_id, alias) VALUES (10, 3, '5LJXI2Y00');
INSERT INTO public.alias (predmet_id, smjer_id, alias) VALUES (10, 3, 'VKR5VQTMM');
INSERT INTO public.alias (predmet_id, smjer_id, alias) VALUES (10, 3, '6R4OX4JMQ');
INSERT INTO public.alias (predmet_id, smjer_id, alias) VALUES (10, 3, 'E97WR0GCP');
INSERT INTO public.alias (predmet_id, smjer_id, alias) VALUES (10, 3, 'P9AIJDROQ');
INSERT INTO public.alias (predmet_id, smjer_id, alias) VALUES (10, 3, 'RR60E6PN1');
INSERT INTO public.alias (predmet_id, smjer_id, alias) VALUES (10, 3, '5N1BNX9WE');
INSERT INTO public.alias (predmet_id, smjer_id, alias) VALUES (10, 3, 'I2W58GPSO');
INSERT INTO public.alias (predmet_id, smjer_id, alias) VALUES (10, 3, 'T4W0AFYFM');
INSERT INTO public.alias (predmet_id, smjer_id, alias) VALUES (10, 3, '0Q90AVWTN');
INSERT INTO public.alias (predmet_id, smjer_id, alias) VALUES (10, 3, 'AJZ627SXT');
INSERT INTO public.alias (predmet_id, smjer_id, alias) VALUES (10, 3, 'Y3B537J8M');
INSERT INTO public.alias (predmet_id, smjer_id, alias) VALUES (10, 3, '4Q5A95ZZ0');
INSERT INTO public.alias (predmet_id, smjer_id, alias) VALUES (10, 3, 'Z4V30I12I');
INSERT INTO public.alias (predmet_id, smjer_id, alias) VALUES (10, 3, '5D7MO48IY');
INSERT INTO public.alias (predmet_id, smjer_id, alias) VALUES (10, 3, 'FCNCILJ7T');
INSERT INTO public.alias (predmet_id, smjer_id, alias) VALUES (10, 3, 'SIBN8SM40');
INSERT INTO public.alias (predmet_id, smjer_id, alias) VALUES (10, 3, 'BPNULZ13I');
INSERT INTO public.alias (predmet_id, smjer_id, alias) VALUES (10, 3, 'HQ5TZ6S6U');
INSERT INTO public.alias (predmet_id, smjer_id, alias) VALUES (10, 3, 'K1BW1N315');
INSERT INTO public.alias (predmet_id, smjer_id, alias) VALUES (10, 3, 'ZID1H435K');
INSERT INTO public.alias (predmet_id, smjer_id, alias) VALUES (10, 3, 'V59PWFIZC');
INSERT INTO public.alias (predmet_id, smjer_id, alias) VALUES (10, 3, '7SZXNBGJM');
INSERT INTO public.alias (predmet_id, smjer_id, alias) VALUES (10, 3, 'JP2LJTT9V');
INSERT INTO public.alias (predmet_id, smjer_id, alias) VALUES (10, 3, 'JCAUXZJZH');
INSERT INTO public.alias (predmet_id, smjer_id, alias) VALUES (10, 3, 'JQWJ8LWSS');
INSERT INTO public.alias (predmet_id, smjer_id, alias) VALUES (10, 3, '8TMXVM79V');
INSERT INTO public.alias (predmet_id, smjer_id, alias) VALUES (10, 3, 'VXBK8GZUK');
INSERT INTO public.alias (predmet_id, smjer_id, alias) VALUES (10, 3, 'BLEJYJR6H');
INSERT INTO public.alias (predmet_id, smjer_id, alias) VALUES (10, 3, 'T7591IF8J');
INSERT INTO public.alias (predmet_id, smjer_id, alias) VALUES (10, 3, '3U5FMPQPH');
INSERT INTO public.alias (predmet_id, smjer_id, alias) VALUES (10, 3, '1IDV9L07R');
INSERT INTO public.alias (predmet_id, smjer_id, alias) VALUES (10, 3, 'H6760KSO4');
INSERT INTO public.alias (predmet_id, smjer_id, alias) VALUES (10, 3, 'STOW56BZS');
INSERT INTO public.alias (predmet_id, smjer_id, alias) VALUES (10, 3, 'XDZSE5XRA');
INSERT INTO public.alias (predmet_id, smjer_id, alias) VALUES (12, 3, 'KNQVDVS7U');
INSERT INTO public.alias (predmet_id, smjer_id, alias) VALUES (12, 3, '43DSPHA2I');
INSERT INTO public.alias (predmet_id, smjer_id, alias) VALUES (12, 3, 'SQF2O9ZEB');
INSERT INTO public.alias (predmet_id, smjer_id, alias) VALUES (12, 3, 'Z6Y7U582R');
INSERT INTO public.alias (predmet_id, smjer_id, alias) VALUES (12, 3, '3TQ5AY68N');
INSERT INTO public.alias (predmet_id, smjer_id, alias) VALUES (12, 3, 'BMMG3U8YC');
INSERT INTO public.alias (predmet_id, smjer_id, alias) VALUES (12, 3, 'F5HYFYV1T');
INSERT INTO public.alias (predmet_id, smjer_id, alias) VALUES (12, 3, 'WC96WXXMR');
INSERT INTO public.alias (predmet_id, smjer_id, alias) VALUES (12, 3, 'X5PPVJSSS');
INSERT INTO public.alias (predmet_id, smjer_id, alias) VALUES (12, 3, 'DW5CQFC84');
INSERT INTO public.alias (predmet_id, smjer_id, alias) VALUES (12, 3, 'FHNGP9GNP');
INSERT INTO public.alias (predmet_id, smjer_id, alias) VALUES (12, 3, '539JWF9S5');
INSERT INTO public.alias (predmet_id, smjer_id, alias) VALUES (12, 3, '0I9UN08KN');
INSERT INTO public.alias (predmet_id, smjer_id, alias) VALUES (12, 3, 'HL197HTWQ');
INSERT INTO public.alias (predmet_id, smjer_id, alias) VALUES (12, 3, 'JU8A1YTIA');
INSERT INTO public.alias (predmet_id, smjer_id, alias) VALUES (12, 3, '5DAE6HON3');
INSERT INTO public.alias (predmet_id, smjer_id, alias) VALUES (12, 3, 'O5TPWX5SZ');
INSERT INTO public.alias (predmet_id, smjer_id, alias) VALUES (12, 3, 'VRWZQCB6V');
INSERT INTO public.alias (predmet_id, smjer_id, alias) VALUES (12, 3, 'WN9ADSPR7');
INSERT INTO public.alias (predmet_id, smjer_id, alias) VALUES (12, 3, 'GOXIWJW0C');
INSERT INTO public.alias (predmet_id, smjer_id, alias) VALUES (12, 3, 'RIX9LJOOR');
INSERT INTO public.alias (predmet_id, smjer_id, alias) VALUES (12, 3, 'KWJBX8JOQ');
INSERT INTO public.alias (predmet_id, smjer_id, alias) VALUES (12, 3, '2LFPBRPD9');
INSERT INTO public.alias (predmet_id, smjer_id, alias) VALUES (12, 3, 'MC1W3J6UG');
INSERT INTO public.alias (predmet_id, smjer_id, alias) VALUES (12, 3, '3UZ1IB05X');
INSERT INTO public.alias (predmet_id, smjer_id, alias) VALUES (12, 3, '3W0WFNKYT');
INSERT INTO public.alias (predmet_id, smjer_id, alias) VALUES (12, 3, 'YH9ZCMH4S');
INSERT INTO public.alias (predmet_id, smjer_id, alias) VALUES (12, 3, 'RAZVUBVVM');
INSERT INTO public.alias (predmet_id, smjer_id, alias) VALUES (12, 3, 'FD51CI1OG');
INSERT INTO public.alias (predmet_id, smjer_id, alias) VALUES (12, 3, 'GQ7B32HNU');
INSERT INTO public.alias (predmet_id, smjer_id, alias) VALUES (12, 3, '3GHTGKXMA');
INSERT INTO public.alias (predmet_id, smjer_id, alias) VALUES (12, 3, 'WQSRXFTHA');
INSERT INTO public.alias (predmet_id, smjer_id, alias) VALUES (12, 3, 'OR73BCJ8U');
INSERT INTO public.alias (predmet_id, smjer_id, alias) VALUES (12, 3, 'A344Z44TB');
INSERT INTO public.alias (predmet_id, smjer_id, alias) VALUES (12, 3, '6REDJUFKT');
INSERT INTO public.alias (predmet_id, smjer_id, alias) VALUES (12, 3, 'TBVHB061D');
INSERT INTO public.alias (predmet_id, smjer_id, alias) VALUES (12, 3, 'UE1S3GVDH');
INSERT INTO public.alias (predmet_id, smjer_id, alias) VALUES (12, 3, 'ACCIAVRXQ');
INSERT INTO public.alias (predmet_id, smjer_id, alias) VALUES (12, 3, 'TY86M6F95');
INSERT INTO public.alias (predmet_id, smjer_id, alias) VALUES (12, 3, 'S5O61ELYH');
INSERT INTO public.alias (predmet_id, smjer_id, alias) VALUES (16, 3, '0KKXSJIQG');
INSERT INTO public.alias (predmet_id, smjer_id, alias) VALUES (16, 3, 'BR9LJDFJA');
INSERT INTO public.alias (predmet_id, smjer_id, alias) VALUES (16, 3, 'TH4DHMXUM');
INSERT INTO public.alias (predmet_id, smjer_id, alias) VALUES (16, 3, 'EU9Q0JBHE');
INSERT INTO public.alias (predmet_id, smjer_id, alias) VALUES (16, 3, 'KCUIJKJET');
INSERT INTO public.alias (predmet_id, smjer_id, alias) VALUES (16, 3, 'D8HMEFB66');
INSERT INTO public.alias (predmet_id, smjer_id, alias) VALUES (16, 3, 'RZ72T8DND');
INSERT INTO public.alias (predmet_id, smjer_id, alias) VALUES (16, 3, 'UHGNZ070P');
INSERT INTO public.alias (predmet_id, smjer_id, alias) VALUES (16, 3, '0QQ7YQX01');
INSERT INTO public.alias (predmet_id, smjer_id, alias) VALUES (16, 3, 'PMGI37TJU');
INSERT INTO public.alias (predmet_id, smjer_id, alias) VALUES (16, 3, 'PK14NTA16');
INSERT INTO public.alias (predmet_id, smjer_id, alias) VALUES (16, 3, 'QV1AO823D');
INSERT INTO public.alias (predmet_id, smjer_id, alias) VALUES (16, 3, 'G5EENKU01');
INSERT INTO public.alias (predmet_id, smjer_id, alias) VALUES (16, 3, 'GNDPQMRAR');
INSERT INTO public.alias (predmet_id, smjer_id, alias) VALUES (16, 3, '477KFBJ8D');
INSERT INTO public.alias (predmet_id, smjer_id, alias) VALUES (16, 3, 'BK4BYN2IB');
INSERT INTO public.alias (predmet_id, smjer_id, alias) VALUES (16, 3, 'BMZU02DO7');
INSERT INTO public.alias (predmet_id, smjer_id, alias) VALUES (16, 3, 'SO4ECEGOR');
INSERT INTO public.alias (predmet_id, smjer_id, alias) VALUES (16, 3, 'CAWST8EAK');
INSERT INTO public.alias (predmet_id, smjer_id, alias) VALUES (16, 3, 'Z6E4JMFC5');
INSERT INTO public.alias (predmet_id, smjer_id, alias) VALUES (16, 3, 'A1DS9GAEY');
INSERT INTO public.alias (predmet_id, smjer_id, alias) VALUES (16, 3, 'N2RXP4BR4');
INSERT INTO public.alias (predmet_id, smjer_id, alias) VALUES (16, 3, 'BI2FIGE0K');
INSERT INTO public.alias (predmet_id, smjer_id, alias) VALUES (16, 3, 'DE8A02OVH');
INSERT INTO public.alias (predmet_id, smjer_id, alias) VALUES (16, 3, '0MW5LNLC8');
INSERT INTO public.alias (predmet_id, smjer_id, alias) VALUES (16, 3, '9AS80Z6UK');
INSERT INTO public.alias (predmet_id, smjer_id, alias) VALUES (16, 3, 'FQ54P8719');
INSERT INTO public.alias (predmet_id, smjer_id, alias) VALUES (16, 3, '83ZNLHC3C');
INSERT INTO public.alias (predmet_id, smjer_id, alias) VALUES (16, 3, '0YGGHDE94');
INSERT INTO public.alias (predmet_id, smjer_id, alias) VALUES (16, 3, 'UA77OLIJE');
INSERT INTO public.alias (predmet_id, smjer_id, alias) VALUES (16, 3, '7RTZP4IKZ');
INSERT INTO public.alias (predmet_id, smjer_id, alias) VALUES (16, 3, '5T1HSBD0W');
INSERT INTO public.alias (predmet_id, smjer_id, alias) VALUES (16, 3, 'S4TOR0ADQ');
INSERT INTO public.alias (predmet_id, smjer_id, alias) VALUES (16, 3, 'TDU27I7RB');
INSERT INTO public.alias (predmet_id, smjer_id, alias) VALUES (16, 3, 'PNXR46WO9');
INSERT INTO public.alias (predmet_id, smjer_id, alias) VALUES (16, 3, 'QZOXSJA9B');
INSERT INTO public.alias (predmet_id, smjer_id, alias) VALUES (16, 3, 'QJIF8XJA3');
INSERT INTO public.alias (predmet_id, smjer_id, alias) VALUES (16, 3, 'GXMSTAQIH');
INSERT INTO public.alias (predmet_id, smjer_id, alias) VALUES (16, 3, 'LANKGL1VB');
INSERT INTO public.alias (predmet_id, smjer_id, alias) VALUES (16, 3, '8O7D9QUFU');
INSERT INTO public.alias (predmet_id, smjer_id, alias) VALUES (18, 3, 'LOWXNXDJ7');
INSERT INTO public.alias (predmet_id, smjer_id, alias) VALUES (18, 3, 'QLJG3DYN3');
INSERT INTO public.alias (predmet_id, smjer_id, alias) VALUES (18, 3, '8D7HLI9E6');
INSERT INTO public.alias (predmet_id, smjer_id, alias) VALUES (18, 3, 'MV06DFK9G');
INSERT INTO public.alias (predmet_id, smjer_id, alias) VALUES (18, 3, 'H7WZ3LGLJ');
INSERT INTO public.alias (predmet_id, smjer_id, alias) VALUES (18, 3, 'QLWN44QZ0');
INSERT INTO public.alias (predmet_id, smjer_id, alias) VALUES (18, 3, 'FKBUFVNLN');
INSERT INTO public.alias (predmet_id, smjer_id, alias) VALUES (18, 3, '4NRX182XU');
INSERT INTO public.alias (predmet_id, smjer_id, alias) VALUES (18, 3, 'I8WOSJM2F');
INSERT INTO public.alias (predmet_id, smjer_id, alias) VALUES (18, 3, 'O369M1OGB');
INSERT INTO public.alias (predmet_id, smjer_id, alias) VALUES (18, 3, 'MRHMW1IMM');
INSERT INTO public.alias (predmet_id, smjer_id, alias) VALUES (18, 3, '459PM7LQZ');
INSERT INTO public.alias (predmet_id, smjer_id, alias) VALUES (18, 3, '09MVIWVXS');
INSERT INTO public.alias (predmet_id, smjer_id, alias) VALUES (18, 3, 'RR94QBWLV');
INSERT INTO public.alias (predmet_id, smjer_id, alias) VALUES (18, 3, '1SJ8I6MQ3');
INSERT INTO public.alias (predmet_id, smjer_id, alias) VALUES (18, 3, 'CQC1G7MRF');
INSERT INTO public.alias (predmet_id, smjer_id, alias) VALUES (18, 3, 'V997UCOYJ');
INSERT INTO public.alias (predmet_id, smjer_id, alias) VALUES (18, 3, 'C91XP2XVI');
INSERT INTO public.alias (predmet_id, smjer_id, alias) VALUES (18, 3, 'U84ETK8D8');
INSERT INTO public.alias (predmet_id, smjer_id, alias) VALUES (18, 3, 'YIPGWARW9');
INSERT INTO public.alias (predmet_id, smjer_id, alias) VALUES (18, 3, 'G4ZSZWTWA');
INSERT INTO public.alias (predmet_id, smjer_id, alias) VALUES (18, 3, 'FDM5JUDDJ');
INSERT INTO public.alias (predmet_id, smjer_id, alias) VALUES (18, 3, 'J3U169FK4');
INSERT INTO public.alias (predmet_id, smjer_id, alias) VALUES (18, 3, 'XJ7QUZK7T');
INSERT INTO public.alias (predmet_id, smjer_id, alias) VALUES (18, 3, '2M9S1OL82');
INSERT INTO public.alias (predmet_id, smjer_id, alias) VALUES (18, 3, 'R4SOUQP9K');
INSERT INTO public.alias (predmet_id, smjer_id, alias) VALUES (18, 3, 'CM13649ED');
INSERT INTO public.alias (predmet_id, smjer_id, alias) VALUES (18, 3, 'Y2S4T83AD');
INSERT INTO public.alias (predmet_id, smjer_id, alias) VALUES (18, 3, 'GMTD5WSXB');
INSERT INTO public.alias (predmet_id, smjer_id, alias) VALUES (18, 3, '6LCURAY4C');
INSERT INTO public.alias (predmet_id, smjer_id, alias) VALUES (18, 3, '7H9URAPHW');
INSERT INTO public.alias (predmet_id, smjer_id, alias) VALUES (18, 3, '4UTJ4ATOE');
INSERT INTO public.alias (predmet_id, smjer_id, alias) VALUES (18, 3, 'A2CAMF3GK');
INSERT INTO public.alias (predmet_id, smjer_id, alias) VALUES (18, 3, 'JR9KCAK3K');
INSERT INTO public.alias (predmet_id, smjer_id, alias) VALUES (18, 3, 'J8YIYMPDM');
INSERT INTO public.alias (predmet_id, smjer_id, alias) VALUES (18, 3, 'DUJLKTHWW');
INSERT INTO public.alias (predmet_id, smjer_id, alias) VALUES (18, 3, 'G2DO5JJA8');
INSERT INTO public.alias (predmet_id, smjer_id, alias) VALUES (18, 3, 'HLSNFMKHI');
INSERT INTO public.alias (predmet_id, smjer_id, alias) VALUES (18, 3, '5GWUJJU0Z');
INSERT INTO public.alias (predmet_id, smjer_id, alias) VALUES (18, 3, 'HCZZYL056');
INSERT INTO public.alias (predmet_id, smjer_id, alias) VALUES (20, 3, 'V2G2LB257');
INSERT INTO public.alias (predmet_id, smjer_id, alias) VALUES (20, 3, 'ZDD507J1S');
INSERT INTO public.alias (predmet_id, smjer_id, alias) VALUES (20, 3, '9UFEVLRH9');
INSERT INTO public.alias (predmet_id, smjer_id, alias) VALUES (20, 3, '3RFF1Y93H');
INSERT INTO public.alias (predmet_id, smjer_id, alias) VALUES (20, 3, 'FFZAVDGLO');
INSERT INTO public.alias (predmet_id, smjer_id, alias) VALUES (20, 3, 'MAA514XSL');
INSERT INTO public.alias (predmet_id, smjer_id, alias) VALUES (20, 3, 'EIKFRT4B6');
INSERT INTO public.alias (predmet_id, smjer_id, alias) VALUES (20, 3, 'R2VBUXNXU');
INSERT INTO public.alias (predmet_id, smjer_id, alias) VALUES (20, 3, '8CLTKO4X4');
INSERT INTO public.alias (predmet_id, smjer_id, alias) VALUES (20, 3, 'ZXYY6VMTV');
INSERT INTO public.alias (predmet_id, smjer_id, alias) VALUES (20, 3, 'RZBI29GBA');
INSERT INTO public.alias (predmet_id, smjer_id, alias) VALUES (20, 3, '439PVHMPR');
INSERT INTO public.alias (predmet_id, smjer_id, alias) VALUES (20, 3, 'U1LMFUCCI');
INSERT INTO public.alias (predmet_id, smjer_id, alias) VALUES (20, 3, 'T2H1G6XXD');
INSERT INTO public.alias (predmet_id, smjer_id, alias) VALUES (20, 3, 'ZT88NS74O');
INSERT INTO public.alias (predmet_id, smjer_id, alias) VALUES (20, 3, 'UQAJNBXF5');
INSERT INTO public.alias (predmet_id, smjer_id, alias) VALUES (20, 3, 'IA14JFFWA');
INSERT INTO public.alias (predmet_id, smjer_id, alias) VALUES (20, 3, 'RFB09F71K');
INSERT INTO public.alias (predmet_id, smjer_id, alias) VALUES (20, 3, 'NJ00L340A');
INSERT INTO public.alias (predmet_id, smjer_id, alias) VALUES (20, 3, '1UR3SQ23Z');
INSERT INTO public.alias (predmet_id, smjer_id, alias) VALUES (20, 3, 'CETJWTOIC');
INSERT INTO public.alias (predmet_id, smjer_id, alias) VALUES (20, 3, '22A06MGRG');
INSERT INTO public.alias (predmet_id, smjer_id, alias) VALUES (20, 3, '2DQ4P0ZQK');
INSERT INTO public.alias (predmet_id, smjer_id, alias) VALUES (20, 3, '387FD6H5U');
INSERT INTO public.alias (predmet_id, smjer_id, alias) VALUES (20, 3, 'YZY7XHIY6');
INSERT INTO public.alias (predmet_id, smjer_id, alias) VALUES (20, 3, 'YPPUF59JS');
INSERT INTO public.alias (predmet_id, smjer_id, alias) VALUES (20, 3, 'J69XDB8ZU');
INSERT INTO public.alias (predmet_id, smjer_id, alias) VALUES (20, 3, 'XKFCMQZ2F');
INSERT INTO public.alias (predmet_id, smjer_id, alias) VALUES (20, 3, '3EJVSUJ39');
INSERT INTO public.alias (predmet_id, smjer_id, alias) VALUES (20, 3, 'B62Z5OPIV');
INSERT INTO public.alias (predmet_id, smjer_id, alias) VALUES (20, 3, '2SAU0MKJ4');
INSERT INTO public.alias (predmet_id, smjer_id, alias) VALUES (20, 3, 'UC390J15M');
INSERT INTO public.alias (predmet_id, smjer_id, alias) VALUES (20, 3, 'ENH9KVRLW');
INSERT INTO public.alias (predmet_id, smjer_id, alias) VALUES (20, 3, 'ZFD3LHJYV');
INSERT INTO public.alias (predmet_id, smjer_id, alias) VALUES (20, 3, 'HKYGY6K6O');
INSERT INTO public.alias (predmet_id, smjer_id, alias) VALUES (20, 3, 'BA9Q3ZBIP');
INSERT INTO public.alias (predmet_id, smjer_id, alias) VALUES (20, 3, 'UGRRAVDQ9');
INSERT INTO public.alias (predmet_id, smjer_id, alias) VALUES (20, 3, 'JLA18TZNE');
INSERT INTO public.alias (predmet_id, smjer_id, alias) VALUES (20, 3, '92RXDEX82');
INSERT INTO public.alias (predmet_id, smjer_id, alias) VALUES (20, 3, '33UWCPNI7');
INSERT INTO public.alias (predmet_id, smjer_id, alias) VALUES (24, 3, 'FX4SKDW0X');
INSERT INTO public.alias (predmet_id, smjer_id, alias) VALUES (24, 3, 'DQL1XOBAX');
INSERT INTO public.alias (predmet_id, smjer_id, alias) VALUES (24, 3, 'E3G020MUK');
INSERT INTO public.alias (predmet_id, smjer_id, alias) VALUES (24, 3, 'B1JM11110');
INSERT INTO public.alias (predmet_id, smjer_id, alias) VALUES (24, 3, 'EW99ECRY1');
INSERT INTO public.alias (predmet_id, smjer_id, alias) VALUES (24, 3, 'S0FQ6DWC4');
INSERT INTO public.alias (predmet_id, smjer_id, alias) VALUES (24, 3, 'ZYJABY2HS');
INSERT INTO public.alias (predmet_id, smjer_id, alias) VALUES (24, 3, '88F5SHS3X');
INSERT INTO public.alias (predmet_id, smjer_id, alias) VALUES (24, 3, 'RVJISQXOC');
INSERT INTO public.alias (predmet_id, smjer_id, alias) VALUES (24, 3, 'WULRIMT2D');
INSERT INTO public.alias (predmet_id, smjer_id, alias) VALUES (24, 3, 'HAK4ISADR');
INSERT INTO public.alias (predmet_id, smjer_id, alias) VALUES (24, 3, 'PGTR7GRF2');
INSERT INTO public.alias (predmet_id, smjer_id, alias) VALUES (24, 3, 'SVVMMW8AI');
INSERT INTO public.alias (predmet_id, smjer_id, alias) VALUES (24, 3, 'MNJ9GP57M');
INSERT INTO public.alias (predmet_id, smjer_id, alias) VALUES (24, 3, 'D0HQO5GCU');
INSERT INTO public.alias (predmet_id, smjer_id, alias) VALUES (24, 3, '4SO87FTX4');
INSERT INTO public.alias (predmet_id, smjer_id, alias) VALUES (24, 3, '0J5MJ7OE1');
INSERT INTO public.alias (predmet_id, smjer_id, alias) VALUES (24, 3, '83Z16RP3R');
INSERT INTO public.alias (predmet_id, smjer_id, alias) VALUES (24, 3, 'Y3H6W1F8B');
INSERT INTO public.alias (predmet_id, smjer_id, alias) VALUES (24, 3, 'CTC0SEG6A');
INSERT INTO public.alias (predmet_id, smjer_id, alias) VALUES (24, 3, 'ZQMPQHC0D');
INSERT INTO public.alias (predmet_id, smjer_id, alias) VALUES (24, 3, 'ALXOT0L45');
INSERT INTO public.alias (predmet_id, smjer_id, alias) VALUES (24, 3, '6VX75NJIC');
INSERT INTO public.alias (predmet_id, smjer_id, alias) VALUES (24, 3, 'A2FUIU5PJ');
INSERT INTO public.alias (predmet_id, smjer_id, alias) VALUES (24, 3, 'I8XOL1U88');
INSERT INTO public.alias (predmet_id, smjer_id, alias) VALUES (24, 3, 'SO4J5ATPJ');
INSERT INTO public.alias (predmet_id, smjer_id, alias) VALUES (24, 3, 'G5U849V9H');
INSERT INTO public.alias (predmet_id, smjer_id, alias) VALUES (24, 3, 'BFMNKI9PO');
INSERT INTO public.alias (predmet_id, smjer_id, alias) VALUES (24, 3, '5HS4I7UWL');
INSERT INTO public.alias (predmet_id, smjer_id, alias) VALUES (24, 3, '0ALZRTCU2');
INSERT INTO public.alias (predmet_id, smjer_id, alias) VALUES (24, 3, 'AK9XLI5VM');
INSERT INTO public.alias (predmet_id, smjer_id, alias) VALUES (24, 3, '3Y4D7Q6BJ');
INSERT INTO public.alias (predmet_id, smjer_id, alias) VALUES (24, 3, '03MDSBJOX');
INSERT INTO public.alias (predmet_id, smjer_id, alias) VALUES (24, 3, 'ICSJEGJHR');
INSERT INTO public.alias (predmet_id, smjer_id, alias) VALUES (24, 3, '63CK9OCFW');
INSERT INTO public.alias (predmet_id, smjer_id, alias) VALUES (24, 3, 'HONOIJILH');
INSERT INTO public.alias (predmet_id, smjer_id, alias) VALUES (24, 3, 'OY21YVBQF');
INSERT INTO public.alias (predmet_id, smjer_id, alias) VALUES (24, 3, 'NY52PYAVQ');
INSERT INTO public.alias (predmet_id, smjer_id, alias) VALUES (24, 3, 'EX1MJMU7Y');
INSERT INTO public.alias (predmet_id, smjer_id, alias) VALUES (24, 3, 'SQP0MRHPG');
INSERT INTO public.alias (predmet_id, smjer_id, alias) VALUES (27, 3, '9PFQSWHIB');
INSERT INTO public.alias (predmet_id, smjer_id, alias) VALUES (27, 3, 'PBR1INLTB');
INSERT INTO public.alias (predmet_id, smjer_id, alias) VALUES (27, 3, 'DO86AX54G');
INSERT INTO public.alias (predmet_id, smjer_id, alias) VALUES (27, 3, '1UO201DZR');
INSERT INTO public.alias (predmet_id, smjer_id, alias) VALUES (27, 3, 'JUGQHIZB3');
INSERT INTO public.alias (predmet_id, smjer_id, alias) VALUES (27, 3, 'R077WWSZQ');
INSERT INTO public.alias (predmet_id, smjer_id, alias) VALUES (27, 3, 'DS1PIV1ER');
INSERT INTO public.alias (predmet_id, smjer_id, alias) VALUES (27, 3, 'OK58PM4ZQ');
INSERT INTO public.alias (predmet_id, smjer_id, alias) VALUES (27, 3, '0E7IXOAE3');
INSERT INTO public.alias (predmet_id, smjer_id, alias) VALUES (27, 3, '3UJJ3RY0U');
INSERT INTO public.alias (predmet_id, smjer_id, alias) VALUES (27, 3, 'Q7IVB69XY');
INSERT INTO public.alias (predmet_id, smjer_id, alias) VALUES (27, 3, '64X33WUMH');
INSERT INTO public.alias (predmet_id, smjer_id, alias) VALUES (27, 3, 'MPU37IQAE');
INSERT INTO public.alias (predmet_id, smjer_id, alias) VALUES (27, 3, '4NG8BOFW4');
INSERT INTO public.alias (predmet_id, smjer_id, alias) VALUES (27, 3, 'FY8S28J3H');
INSERT INTO public.alias (predmet_id, smjer_id, alias) VALUES (27, 3, '332X318R5');
INSERT INTO public.alias (predmet_id, smjer_id, alias) VALUES (27, 3, '19ORP3F58');
INSERT INTO public.alias (predmet_id, smjer_id, alias) VALUES (27, 3, 'BMOZ9EACR');
INSERT INTO public.alias (predmet_id, smjer_id, alias) VALUES (27, 3, 'HGF0EHFM5');
INSERT INTO public.alias (predmet_id, smjer_id, alias) VALUES (27, 3, '9ELS1JZUR');
INSERT INTO public.alias (predmet_id, smjer_id, alias) VALUES (27, 3, 'RNOL3LMGS');
INSERT INTO public.alias (predmet_id, smjer_id, alias) VALUES (27, 3, 'FH2CHM4QF');
INSERT INTO public.alias (predmet_id, smjer_id, alias) VALUES (27, 3, 'PT9DEEA3R');
INSERT INTO public.alias (predmet_id, smjer_id, alias) VALUES (27, 3, '8RV22I92W');
INSERT INTO public.alias (predmet_id, smjer_id, alias) VALUES (27, 3, 'LTCG3Q3JJ');
INSERT INTO public.alias (predmet_id, smjer_id, alias) VALUES (27, 3, '66KE4FM76');
INSERT INTO public.alias (predmet_id, smjer_id, alias) VALUES (27, 3, 'UOSL8Y157');
INSERT INTO public.alias (predmet_id, smjer_id, alias) VALUES (27, 3, 'JJN8YLLIG');
INSERT INTO public.alias (predmet_id, smjer_id, alias) VALUES (27, 3, '2XIRSKYI2');
INSERT INTO public.alias (predmet_id, smjer_id, alias) VALUES (27, 3, 'T58VGDQ6P');
INSERT INTO public.alias (predmet_id, smjer_id, alias) VALUES (27, 3, 'QSVVMRTZA');
INSERT INTO public.alias (predmet_id, smjer_id, alias) VALUES (27, 3, '10SQZXZE2');
INSERT INTO public.alias (predmet_id, smjer_id, alias) VALUES (27, 3, 'TG4QCD0ZO');
INSERT INTO public.alias (predmet_id, smjer_id, alias) VALUES (27, 3, '2EIQZ4WMV');
INSERT INTO public.alias (predmet_id, smjer_id, alias) VALUES (27, 3, 'WPASFL87Y');
INSERT INTO public.alias (predmet_id, smjer_id, alias) VALUES (27, 3, 'XEUOBVK75');
INSERT INTO public.alias (predmet_id, smjer_id, alias) VALUES (27, 3, 'O31C3AXH4');
INSERT INTO public.alias (predmet_id, smjer_id, alias) VALUES (27, 3, 'XSD8L63U3');
INSERT INTO public.alias (predmet_id, smjer_id, alias) VALUES (27, 3, '0NI3Y4V1L');
INSERT INTO public.alias (predmet_id, smjer_id, alias) VALUES (27, 3, 'VCI290OHB');
INSERT INTO public.alias (predmet_id, smjer_id, alias) VALUES (26, 3, '6ZAXRRQLL');
INSERT INTO public.alias (predmet_id, smjer_id, alias) VALUES (26, 3, '5DHYMHMDB');
INSERT INTO public.alias (predmet_id, smjer_id, alias) VALUES (26, 3, 'M7L57NIVA');
INSERT INTO public.alias (predmet_id, smjer_id, alias) VALUES (26, 3, '1NG63PBPS');
INSERT INTO public.alias (predmet_id, smjer_id, alias) VALUES (26, 3, '0ZUU95SNR');
INSERT INTO public.alias (predmet_id, smjer_id, alias) VALUES (26, 3, '6UX4XUBWB');
INSERT INTO public.alias (predmet_id, smjer_id, alias) VALUES (26, 3, 'Y2FS87HCU');
INSERT INTO public.alias (predmet_id, smjer_id, alias) VALUES (26, 3, 'N4YVSBGT1');
INSERT INTO public.alias (predmet_id, smjer_id, alias) VALUES (26, 3, '4UXXDQ2HM');
INSERT INTO public.alias (predmet_id, smjer_id, alias) VALUES (26, 3, 'X8BWUM4OS');
INSERT INTO public.alias (predmet_id, smjer_id, alias) VALUES (26, 3, '1EUP25PGH');
INSERT INTO public.alias (predmet_id, smjer_id, alias) VALUES (26, 3, '0Y94WE535');
INSERT INTO public.alias (predmet_id, smjer_id, alias) VALUES (26, 3, '0NQYSWJOU');
INSERT INTO public.alias (predmet_id, smjer_id, alias) VALUES (26, 3, 'UMSDXOJ8H');
INSERT INTO public.alias (predmet_id, smjer_id, alias) VALUES (26, 3, 'AP5DFMC44');
INSERT INTO public.alias (predmet_id, smjer_id, alias) VALUES (26, 3, 'J5C5CZHE1');
INSERT INTO public.alias (predmet_id, smjer_id, alias) VALUES (26, 3, '3J86D7598');
INSERT INTO public.alias (predmet_id, smjer_id, alias) VALUES (26, 3, '4UU5WBTWG');
INSERT INTO public.alias (predmet_id, smjer_id, alias) VALUES (26, 3, 'XJRB5V78E');
INSERT INTO public.alias (predmet_id, smjer_id, alias) VALUES (26, 3, 'OYJBN1BA3');
INSERT INTO public.alias (predmet_id, smjer_id, alias) VALUES (26, 3, 'F9QQW6HFR');
INSERT INTO public.alias (predmet_id, smjer_id, alias) VALUES (26, 3, '8KET3YSJQ');
INSERT INTO public.alias (predmet_id, smjer_id, alias) VALUES (26, 3, 'ZSQTDU65Y');
INSERT INTO public.alias (predmet_id, smjer_id, alias) VALUES (26, 3, '6I7F1K771');
INSERT INTO public.alias (predmet_id, smjer_id, alias) VALUES (26, 3, 'JEGH7655D');
INSERT INTO public.alias (predmet_id, smjer_id, alias) VALUES (26, 3, 'X9AKCPIJU');
INSERT INTO public.alias (predmet_id, smjer_id, alias) VALUES (26, 3, 'LSAPVH0JP');
INSERT INTO public.alias (predmet_id, smjer_id, alias) VALUES (26, 3, 'U8PT3YVIS');
INSERT INTO public.alias (predmet_id, smjer_id, alias) VALUES (26, 3, 'NVC2PR5FW');
INSERT INTO public.alias (predmet_id, smjer_id, alias) VALUES (26, 3, '4DUCULOL8');
INSERT INTO public.alias (predmet_id, smjer_id, alias) VALUES (26, 3, 'FXTR0480Q');
INSERT INTO public.alias (predmet_id, smjer_id, alias) VALUES (26, 3, 'FBUTF44Y3');
INSERT INTO public.alias (predmet_id, smjer_id, alias) VALUES (26, 3, 'QSG8PBG19');
INSERT INTO public.alias (predmet_id, smjer_id, alias) VALUES (26, 3, '96RCLIV6J');
INSERT INTO public.alias (predmet_id, smjer_id, alias) VALUES (26, 3, '4H6B7TR8S');
INSERT INTO public.alias (predmet_id, smjer_id, alias) VALUES (26, 3, 'Z9ARYIOW7');
INSERT INTO public.alias (predmet_id, smjer_id, alias) VALUES (26, 3, '04EIHB2V9');
INSERT INTO public.alias (predmet_id, smjer_id, alias) VALUES (26, 3, 'YSP3A46OM');
INSERT INTO public.alias (predmet_id, smjer_id, alias) VALUES (26, 3, 'VKA4MYNNP');
INSERT INTO public.alias (predmet_id, smjer_id, alias) VALUES (26, 3, '5XPF3RHMT');
INSERT INTO public.alias (predmet_id, smjer_id, alias) VALUES (29, 3, 'UZPSXIUR4');
INSERT INTO public.alias (predmet_id, smjer_id, alias) VALUES (29, 3, 'Z8C9J342H');
INSERT INTO public.alias (predmet_id, smjer_id, alias) VALUES (29, 3, '9I4M2DNX2');
INSERT INTO public.alias (predmet_id, smjer_id, alias) VALUES (29, 3, '1XHW4LI10');
INSERT INTO public.alias (predmet_id, smjer_id, alias) VALUES (29, 3, 'UA9VVBHSF');
INSERT INTO public.alias (predmet_id, smjer_id, alias) VALUES (29, 3, '0DQPTZA45');
INSERT INTO public.alias (predmet_id, smjer_id, alias) VALUES (29, 3, 'KE8IGLQEV');
INSERT INTO public.alias (predmet_id, smjer_id, alias) VALUES (29, 3, '5GILMQRTO');
INSERT INTO public.alias (predmet_id, smjer_id, alias) VALUES (29, 3, 'KF89IAQGE');
INSERT INTO public.alias (predmet_id, smjer_id, alias) VALUES (29, 3, '17HV1MXA8');
INSERT INTO public.alias (predmet_id, smjer_id, alias) VALUES (29, 3, '6KS9MB6AV');
INSERT INTO public.alias (predmet_id, smjer_id, alias) VALUES (29, 3, 'L2R6SKJH9');
INSERT INTO public.alias (predmet_id, smjer_id, alias) VALUES (29, 3, '2L28XJQG4');
INSERT INTO public.alias (predmet_id, smjer_id, alias) VALUES (29, 3, 'R2PA1FZQW');
INSERT INTO public.alias (predmet_id, smjer_id, alias) VALUES (29, 3, '5503HZVY6');
INSERT INTO public.alias (predmet_id, smjer_id, alias) VALUES (29, 3, 'FT75P7VVU');
INSERT INTO public.alias (predmet_id, smjer_id, alias) VALUES (29, 3, 'R0F4S2AC5');
INSERT INTO public.alias (predmet_id, smjer_id, alias) VALUES (29, 3, '54IGA5DC9');
INSERT INTO public.alias (predmet_id, smjer_id, alias) VALUES (29, 3, 'VU5GUC186');
INSERT INTO public.alias (predmet_id, smjer_id, alias) VALUES (29, 3, 'H511LG1HP');
INSERT INTO public.alias (predmet_id, smjer_id, alias) VALUES (29, 3, '5G67MGDUV');
INSERT INTO public.alias (predmet_id, smjer_id, alias) VALUES (29, 3, 'ICOJQ3VYZ');
INSERT INTO public.alias (predmet_id, smjer_id, alias) VALUES (29, 3, 'FKLK6OAV9');
INSERT INTO public.alias (predmet_id, smjer_id, alias) VALUES (29, 3, '2ZLZJXPIT');
INSERT INTO public.alias (predmet_id, smjer_id, alias) VALUES (29, 3, '7R7HY1G5M');
INSERT INTO public.alias (predmet_id, smjer_id, alias) VALUES (29, 3, 'NZ5G68UXX');
INSERT INTO public.alias (predmet_id, smjer_id, alias) VALUES (29, 3, 'HPXGE8Z2G');
INSERT INTO public.alias (predmet_id, smjer_id, alias) VALUES (29, 3, 'DKHOB9XT6');
INSERT INTO public.alias (predmet_id, smjer_id, alias) VALUES (29, 3, '5BJMXHFKR');
INSERT INTO public.alias (predmet_id, smjer_id, alias) VALUES (29, 3, 'UT8QPBSU4');
INSERT INTO public.alias (predmet_id, smjer_id, alias) VALUES (29, 3, '85GEZTKOY');
INSERT INTO public.alias (predmet_id, smjer_id, alias) VALUES (29, 3, 'GOLV7I6TW');
INSERT INTO public.alias (predmet_id, smjer_id, alias) VALUES (29, 3, 'DZTA7Z1T5');
INSERT INTO public.alias (predmet_id, smjer_id, alias) VALUES (29, 3, '2DTVRGP0I');
INSERT INTO public.alias (predmet_id, smjer_id, alias) VALUES (29, 3, 'FGVX1PT86');
INSERT INTO public.alias (predmet_id, smjer_id, alias) VALUES (29, 3, '4VL3UVYFK');
INSERT INTO public.alias (predmet_id, smjer_id, alias) VALUES (29, 3, '47U0GUZPO');
INSERT INTO public.alias (predmet_id, smjer_id, alias) VALUES (29, 3, '3YMMQZUZ4');
INSERT INTO public.alias (predmet_id, smjer_id, alias) VALUES (29, 3, 'XKZC9QBEW');
INSERT INTO public.alias (predmet_id, smjer_id, alias) VALUES (29, 3, 'ES09AJ8LO');
INSERT INTO public.alias (predmet_id, smjer_id, alias) VALUES (33, 3, 'HZ4680JZR');
INSERT INTO public.alias (predmet_id, smjer_id, alias) VALUES (33, 3, 'Q0JFJAJ0U');
INSERT INTO public.alias (predmet_id, smjer_id, alias) VALUES (33, 3, '4O4QSK66P');
INSERT INTO public.alias (predmet_id, smjer_id, alias) VALUES (33, 3, 'RV0U24GVI');
INSERT INTO public.alias (predmet_id, smjer_id, alias) VALUES (33, 3, '6301Q5P16');
INSERT INTO public.alias (predmet_id, smjer_id, alias) VALUES (33, 3, 'JX7CPXLXW');
INSERT INTO public.alias (predmet_id, smjer_id, alias) VALUES (33, 3, '19172KUB0');
INSERT INTO public.alias (predmet_id, smjer_id, alias) VALUES (33, 3, 'OUOFV3UEB');
INSERT INTO public.alias (predmet_id, smjer_id, alias) VALUES (33, 3, 'P1IADD3L5');
INSERT INTO public.alias (predmet_id, smjer_id, alias) VALUES (33, 3, '6BQGBU0WO');
INSERT INTO public.alias (predmet_id, smjer_id, alias) VALUES (33, 3, 'O55OB4WGN');
INSERT INTO public.alias (predmet_id, smjer_id, alias) VALUES (33, 3, 'EX6SHVJA2');
INSERT INTO public.alias (predmet_id, smjer_id, alias) VALUES (33, 3, 'WVWJH2GI6');
INSERT INTO public.alias (predmet_id, smjer_id, alias) VALUES (33, 3, 'YQ0J3Z8WZ');
INSERT INTO public.alias (predmet_id, smjer_id, alias) VALUES (33, 3, 'WVA594N9E');
INSERT INTO public.alias (predmet_id, smjer_id, alias) VALUES (33, 3, 'ZSEMTBYJD');
INSERT INTO public.alias (predmet_id, smjer_id, alias) VALUES (33, 3, 'UXSYB8GV2');
INSERT INTO public.alias (predmet_id, smjer_id, alias) VALUES (33, 3, 'IG3S6BZLY');
INSERT INTO public.alias (predmet_id, smjer_id, alias) VALUES (33, 3, 'S3HNHE1CW');
INSERT INTO public.alias (predmet_id, smjer_id, alias) VALUES (33, 3, 'ULDEP3HSI');
INSERT INTO public.alias (predmet_id, smjer_id, alias) VALUES (33, 3, '4DSG9CLZH');
INSERT INTO public.alias (predmet_id, smjer_id, alias) VALUES (33, 3, 'M9HAXYRLR');
INSERT INTO public.alias (predmet_id, smjer_id, alias) VALUES (33, 3, 'OOHOSCTRW');
INSERT INTO public.alias (predmet_id, smjer_id, alias) VALUES (33, 3, 'XPS0OBLKN');
INSERT INTO public.alias (predmet_id, smjer_id, alias) VALUES (33, 3, 'S85WMCEQP');
INSERT INTO public.alias (predmet_id, smjer_id, alias) VALUES (33, 3, 'YXC1YBACL');
INSERT INTO public.alias (predmet_id, smjer_id, alias) VALUES (33, 3, '6ZRLOW9GF');
INSERT INTO public.alias (predmet_id, smjer_id, alias) VALUES (33, 3, '1GAXXE4MI');
INSERT INTO public.alias (predmet_id, smjer_id, alias) VALUES (33, 3, 'VWW7JYO3T');
INSERT INTO public.alias (predmet_id, smjer_id, alias) VALUES (33, 3, '87QARHEYP');
INSERT INTO public.alias (predmet_id, smjer_id, alias) VALUES (33, 3, 'DAWXK4UV3');
INSERT INTO public.alias (predmet_id, smjer_id, alias) VALUES (33, 3, 'H11A8YCQG');
INSERT INTO public.alias (predmet_id, smjer_id, alias) VALUES (33, 3, 'ST23RAHV6');
INSERT INTO public.alias (predmet_id, smjer_id, alias) VALUES (33, 3, 'IVNH8Z43B');
INSERT INTO public.alias (predmet_id, smjer_id, alias) VALUES (33, 3, '20YPL7W79');
INSERT INTO public.alias (predmet_id, smjer_id, alias) VALUES (33, 3, 'I1GTQ7A3P');
INSERT INTO public.alias (predmet_id, smjer_id, alias) VALUES (33, 3, '6WW7AI0XF');
INSERT INTO public.alias (predmet_id, smjer_id, alias) VALUES (33, 3, 'QQ9TX306Z');
INSERT INTO public.alias (predmet_id, smjer_id, alias) VALUES (33, 3, 'DG8Y9KE6I');
INSERT INTO public.alias (predmet_id, smjer_id, alias) VALUES (33, 3, 'N6H7NSL1X');
INSERT INTO public.alias (predmet_id, smjer_id, alias) VALUES (35, 3, 'UOMH8HX7A');
INSERT INTO public.alias (predmet_id, smjer_id, alias) VALUES (35, 3, '2E6G70MWG');
INSERT INTO public.alias (predmet_id, smjer_id, alias) VALUES (35, 3, 'AAPO7LLFM');
INSERT INTO public.alias (predmet_id, smjer_id, alias) VALUES (35, 3, 'HCAHL0MF0');
INSERT INTO public.alias (predmet_id, smjer_id, alias) VALUES (35, 3, '0LN7KQ5HU');
INSERT INTO public.alias (predmet_id, smjer_id, alias) VALUES (35, 3, 'U5PL25UIQ');
INSERT INTO public.alias (predmet_id, smjer_id, alias) VALUES (35, 3, '6JM8AKEX3');
INSERT INTO public.alias (predmet_id, smjer_id, alias) VALUES (35, 3, 'NB00JBQBE');
INSERT INTO public.alias (predmet_id, smjer_id, alias) VALUES (35, 3, 'GFWIYH8CS');
INSERT INTO public.alias (predmet_id, smjer_id, alias) VALUES (35, 3, 'XM4S8LGWM');
INSERT INTO public.alias (predmet_id, smjer_id, alias) VALUES (35, 3, '4FKCUXFMT');
INSERT INTO public.alias (predmet_id, smjer_id, alias) VALUES (35, 3, 'DQBQ2O1CJ');
INSERT INTO public.alias (predmet_id, smjer_id, alias) VALUES (35, 3, '2IQETMFM9');
INSERT INTO public.alias (predmet_id, smjer_id, alias) VALUES (35, 3, '2V1O0DCXO');
INSERT INTO public.alias (predmet_id, smjer_id, alias) VALUES (35, 3, 'A3TL0QB8Q');
INSERT INTO public.alias (predmet_id, smjer_id, alias) VALUES (35, 3, 'C3HTZ4SZM');
INSERT INTO public.alias (predmet_id, smjer_id, alias) VALUES (35, 3, 'V9C9NCVFR');
INSERT INTO public.alias (predmet_id, smjer_id, alias) VALUES (35, 3, 'TCHQ7N1Q7');
INSERT INTO public.alias (predmet_id, smjer_id, alias) VALUES (35, 3, '7M7SVLBYX');
INSERT INTO public.alias (predmet_id, smjer_id, alias) VALUES (35, 3, '72NGC5ANE');
INSERT INTO public.alias (predmet_id, smjer_id, alias) VALUES (35, 3, '4VICUXF8F');
INSERT INTO public.alias (predmet_id, smjer_id, alias) VALUES (35, 3, 'MHMM6A9S0');
INSERT INTO public.alias (predmet_id, smjer_id, alias) VALUES (35, 3, '3M4IO74UB');
INSERT INTO public.alias (predmet_id, smjer_id, alias) VALUES (35, 3, 'E5SY2W2DE');
INSERT INTO public.alias (predmet_id, smjer_id, alias) VALUES (35, 3, 'ADDC5LJPS');
INSERT INTO public.alias (predmet_id, smjer_id, alias) VALUES (35, 3, 'YQQW4TX39');
INSERT INTO public.alias (predmet_id, smjer_id, alias) VALUES (35, 3, '58FD39HM3');
INSERT INTO public.alias (predmet_id, smjer_id, alias) VALUES (35, 3, '5JOXUCCC1');
INSERT INTO public.alias (predmet_id, smjer_id, alias) VALUES (35, 3, 'Y45SILVBW');
INSERT INTO public.alias (predmet_id, smjer_id, alias) VALUES (35, 3, 'OQGUUIPLP');
INSERT INTO public.alias (predmet_id, smjer_id, alias) VALUES (35, 3, 'JWF1Y1PRI');
INSERT INTO public.alias (predmet_id, smjer_id, alias) VALUES (35, 3, 'AZ2MPNMOU');
INSERT INTO public.alias (predmet_id, smjer_id, alias) VALUES (35, 3, '5PYUBJF21');
INSERT INTO public.alias (predmet_id, smjer_id, alias) VALUES (35, 3, 'L32ZFWHQR');
INSERT INTO public.alias (predmet_id, smjer_id, alias) VALUES (35, 3, 'WWILW7IAI');
INSERT INTO public.alias (predmet_id, smjer_id, alias) VALUES (35, 3, 'OS5ZVF081');
INSERT INTO public.alias (predmet_id, smjer_id, alias) VALUES (35, 3, 'PO4B33ZBE');
INSERT INTO public.alias (predmet_id, smjer_id, alias) VALUES (35, 3, 'KKFKKMBFG');
INSERT INTO public.alias (predmet_id, smjer_id, alias) VALUES (35, 3, 'BA6DC8UC2');
INSERT INTO public.alias (predmet_id, smjer_id, alias) VALUES (35, 3, 'VE1C2KPZS');
INSERT INTO public.alias (predmet_id, smjer_id, alias) VALUES (36, 3, 'T70Q2Z56N');
INSERT INTO public.alias (predmet_id, smjer_id, alias) VALUES (36, 3, 'OZFPRXC70');
INSERT INTO public.alias (predmet_id, smjer_id, alias) VALUES (36, 3, '7NVVKUC8Y');
INSERT INTO public.alias (predmet_id, smjer_id, alias) VALUES (36, 3, 'EI3SC0NBG');
INSERT INTO public.alias (predmet_id, smjer_id, alias) VALUES (36, 3, 'CG50MI7HE');
INSERT INTO public.alias (predmet_id, smjer_id, alias) VALUES (36, 3, 'ZOHSD51R1');
INSERT INTO public.alias (predmet_id, smjer_id, alias) VALUES (36, 3, 'TOLTJ22P3');
INSERT INTO public.alias (predmet_id, smjer_id, alias) VALUES (36, 3, '6EKJFCRTW');
INSERT INTO public.alias (predmet_id, smjer_id, alias) VALUES (36, 3, 'BAYFMWGFX');
INSERT INTO public.alias (predmet_id, smjer_id, alias) VALUES (36, 3, 'OXY2FD4KU');
INSERT INTO public.alias (predmet_id, smjer_id, alias) VALUES (36, 3, 'RET66K4A1');
INSERT INTO public.alias (predmet_id, smjer_id, alias) VALUES (36, 3, 'ZZ79MOLSD');
INSERT INTO public.alias (predmet_id, smjer_id, alias) VALUES (36, 3, '75LU43KDM');
INSERT INTO public.alias (predmet_id, smjer_id, alias) VALUES (36, 3, 'YS9HZYNZO');
INSERT INTO public.alias (predmet_id, smjer_id, alias) VALUES (36, 3, 'EXGTV5OAN');
INSERT INTO public.alias (predmet_id, smjer_id, alias) VALUES (36, 3, 'R9LX9IASH');
INSERT INTO public.alias (predmet_id, smjer_id, alias) VALUES (36, 3, 'BD0BG5RW5');
INSERT INTO public.alias (predmet_id, smjer_id, alias) VALUES (36, 3, 'BWUJKEMXO');
INSERT INTO public.alias (predmet_id, smjer_id, alias) VALUES (36, 3, 'DS1EP0BYT');
INSERT INTO public.alias (predmet_id, smjer_id, alias) VALUES (36, 3, 'ORSTR3NLN');
INSERT INTO public.alias (predmet_id, smjer_id, alias) VALUES (36, 3, '6BLDAM14I');
INSERT INTO public.alias (predmet_id, smjer_id, alias) VALUES (36, 3, 'JF8TB7JVR');
INSERT INTO public.alias (predmet_id, smjer_id, alias) VALUES (36, 3, 'E2SSUU5FB');
INSERT INTO public.alias (predmet_id, smjer_id, alias) VALUES (36, 3, 'C2Y80WA1S');
INSERT INTO public.alias (predmet_id, smjer_id, alias) VALUES (36, 3, 'ARODPLI36');
INSERT INTO public.alias (predmet_id, smjer_id, alias) VALUES (36, 3, 'ONWGUHWTH');
INSERT INTO public.alias (predmet_id, smjer_id, alias) VALUES (36, 3, 'M10ALXCOV');
INSERT INTO public.alias (predmet_id, smjer_id, alias) VALUES (36, 3, 'OKB3RA7RO');
INSERT INTO public.alias (predmet_id, smjer_id, alias) VALUES (36, 3, 'TEMMMVJ9N');
INSERT INTO public.alias (predmet_id, smjer_id, alias) VALUES (36, 3, 'KOG85OYDK');
INSERT INTO public.alias (predmet_id, smjer_id, alias) VALUES (36, 3, 'CC9DDMCOT');
INSERT INTO public.alias (predmet_id, smjer_id, alias) VALUES (36, 3, '333KPH8EP');
INSERT INTO public.alias (predmet_id, smjer_id, alias) VALUES (36, 3, 'SCQM5FI6M');
INSERT INTO public.alias (predmet_id, smjer_id, alias) VALUES (36, 3, 'VXXUM4RX2');
INSERT INTO public.alias (predmet_id, smjer_id, alias) VALUES (36, 3, '2OU2ZPU5V');
INSERT INTO public.alias (predmet_id, smjer_id, alias) VALUES (36, 3, 'VOARDAG1Y');
INSERT INTO public.alias (predmet_id, smjer_id, alias) VALUES (36, 3, 'AMVYM5LE5');
INSERT INTO public.alias (predmet_id, smjer_id, alias) VALUES (36, 3, '9EN53POSE');
INSERT INTO public.alias (predmet_id, smjer_id, alias) VALUES (36, 3, '9CXS2IOW2');
INSERT INTO public.alias (predmet_id, smjer_id, alias) VALUES (36, 3, '1KIO1G1EJ');
INSERT INTO public.alias (predmet_id, smjer_id, alias) VALUES (38, 3, 'RDHQ6KVJ0');
INSERT INTO public.alias (predmet_id, smjer_id, alias) VALUES (38, 3, '617GPYN7Y');
INSERT INTO public.alias (predmet_id, smjer_id, alias) VALUES (38, 3, 'QDN6VWRDJ');
INSERT INTO public.alias (predmet_id, smjer_id, alias) VALUES (38, 3, '944WVPD0O');
INSERT INTO public.alias (predmet_id, smjer_id, alias) VALUES (38, 3, 'YBOXHNF8O');
INSERT INTO public.alias (predmet_id, smjer_id, alias) VALUES (38, 3, 'KVUBVKDOY');
INSERT INTO public.alias (predmet_id, smjer_id, alias) VALUES (38, 3, 'DEIGSQJ81');
INSERT INTO public.alias (predmet_id, smjer_id, alias) VALUES (38, 3, 'UKPCJXU67');
INSERT INTO public.alias (predmet_id, smjer_id, alias) VALUES (38, 3, 'VAGHTI4BA');
INSERT INTO public.alias (predmet_id, smjer_id, alias) VALUES (38, 3, '3BZWX75S0');
INSERT INTO public.alias (predmet_id, smjer_id, alias) VALUES (38, 3, 'X0QQI2QT5');
INSERT INTO public.alias (predmet_id, smjer_id, alias) VALUES (38, 3, 'M616TT2KD');
INSERT INTO public.alias (predmet_id, smjer_id, alias) VALUES (38, 3, 'FD8XX3JAZ');
INSERT INTO public.alias (predmet_id, smjer_id, alias) VALUES (38, 3, '2JEXX26B7');
INSERT INTO public.alias (predmet_id, smjer_id, alias) VALUES (38, 3, 'YXTEASRTQ');
INSERT INTO public.alias (predmet_id, smjer_id, alias) VALUES (38, 3, '7VEW141X3');
INSERT INTO public.alias (predmet_id, smjer_id, alias) VALUES (38, 3, '8W5QJV0L2');
INSERT INTO public.alias (predmet_id, smjer_id, alias) VALUES (38, 3, 'PGSCI9PHB');
INSERT INTO public.alias (predmet_id, smjer_id, alias) VALUES (38, 3, 'V8YWZXWEL');
INSERT INTO public.alias (predmet_id, smjer_id, alias) VALUES (38, 3, 'CCETDA6R0');
INSERT INTO public.alias (predmet_id, smjer_id, alias) VALUES (38, 3, 'SIQYV8AYL');
INSERT INTO public.alias (predmet_id, smjer_id, alias) VALUES (38, 3, 'D2QRO649R');
INSERT INTO public.alias (predmet_id, smjer_id, alias) VALUES (38, 3, 'U8PQLF933');
INSERT INTO public.alias (predmet_id, smjer_id, alias) VALUES (38, 3, '61UV18NGD');
INSERT INTO public.alias (predmet_id, smjer_id, alias) VALUES (38, 3, '1F9TMUY7F');
INSERT INTO public.alias (predmet_id, smjer_id, alias) VALUES (38, 3, 'AC54PF96D');
INSERT INTO public.alias (predmet_id, smjer_id, alias) VALUES (38, 3, 'X1AN2O2UA');
INSERT INTO public.alias (predmet_id, smjer_id, alias) VALUES (38, 3, 'H294SG1VM');
INSERT INTO public.alias (predmet_id, smjer_id, alias) VALUES (38, 3, '53GSJ5GET');
INSERT INTO public.alias (predmet_id, smjer_id, alias) VALUES (38, 3, 'ZIA317R5R');
INSERT INTO public.alias (predmet_id, smjer_id, alias) VALUES (38, 3, 'DHONIDSBO');
INSERT INTO public.alias (predmet_id, smjer_id, alias) VALUES (38, 3, '6MRED2HX4');
INSERT INTO public.alias (predmet_id, smjer_id, alias) VALUES (38, 3, 'LK4KCGY04');
INSERT INTO public.alias (predmet_id, smjer_id, alias) VALUES (38, 3, 'A8WI9982I');
INSERT INTO public.alias (predmet_id, smjer_id, alias) VALUES (38, 3, 'IVAOEW60O');
INSERT INTO public.alias (predmet_id, smjer_id, alias) VALUES (38, 3, '8HGUIQP28');
INSERT INTO public.alias (predmet_id, smjer_id, alias) VALUES (38, 3, 'QSIN6J2NL');
INSERT INTO public.alias (predmet_id, smjer_id, alias) VALUES (38, 3, 'Q6PFIZGME');
INSERT INTO public.alias (predmet_id, smjer_id, alias) VALUES (38, 3, 'TXA3HSYOM');
INSERT INTO public.alias (predmet_id, smjer_id, alias) VALUES (38, 3, 'A3JHC8ZWB');
INSERT INTO public.alias (predmet_id, smjer_id, alias) VALUES (23, 2, '5F3ZRE7U0');
INSERT INTO public.alias (predmet_id, smjer_id, alias) VALUES (23, 2, 'T533UR2PI');
INSERT INTO public.alias (predmet_id, smjer_id, alias) VALUES (23, 2, 'ZA0EPVSDJ');
INSERT INTO public.alias (predmet_id, smjer_id, alias) VALUES (23, 2, 'T1K6RK025');
INSERT INTO public.alias (predmet_id, smjer_id, alias) VALUES (23, 2, '40HWEWLYX');
INSERT INTO public.alias (predmet_id, smjer_id, alias) VALUES (23, 2, 'MTDWYS4TQ');
INSERT INTO public.alias (predmet_id, smjer_id, alias) VALUES (23, 2, 'M35NXQDYZ');
INSERT INTO public.alias (predmet_id, smjer_id, alias) VALUES (23, 2, 'XNTBBFA93');
INSERT INTO public.alias (predmet_id, smjer_id, alias) VALUES (23, 2, '5LEIIT3AI');
INSERT INTO public.alias (predmet_id, smjer_id, alias) VALUES (23, 2, 'BS8N5HQZ4');
INSERT INTO public.alias (predmet_id, smjer_id, alias) VALUES (23, 2, 'W984WEMI2');
INSERT INTO public.alias (predmet_id, smjer_id, alias) VALUES (23, 2, 'LN24NICJ4');
INSERT INTO public.alias (predmet_id, smjer_id, alias) VALUES (23, 2, 'QDQVOV5LI');
INSERT INTO public.alias (predmet_id, smjer_id, alias) VALUES (23, 2, 'R4Q057HOQ');
INSERT INTO public.alias (predmet_id, smjer_id, alias) VALUES (23, 2, '96XZ74JJA');
INSERT INTO public.alias (predmet_id, smjer_id, alias) VALUES (23, 2, 'LN9KIZ8F1');
INSERT INTO public.alias (predmet_id, smjer_id, alias) VALUES (23, 2, '6FWM2LE5W');
INSERT INTO public.alias (predmet_id, smjer_id, alias) VALUES (23, 2, 'JYEO4ZKLI');
INSERT INTO public.alias (predmet_id, smjer_id, alias) VALUES (23, 2, 'NCW3TUUE5');
INSERT INTO public.alias (predmet_id, smjer_id, alias) VALUES (23, 2, '5F8WOIET6');
INSERT INTO public.alias (predmet_id, smjer_id, alias) VALUES (23, 2, '34VC12WIT');
INSERT INTO public.alias (predmet_id, smjer_id, alias) VALUES (23, 2, 'BP1TQ0L69');
INSERT INTO public.alias (predmet_id, smjer_id, alias) VALUES (23, 2, '1GJXX21XE');
INSERT INTO public.alias (predmet_id, smjer_id, alias) VALUES (23, 2, 'NIEHZ5F6O');
INSERT INTO public.alias (predmet_id, smjer_id, alias) VALUES (23, 2, '4HW1LMXA8');
INSERT INTO public.alias (predmet_id, smjer_id, alias) VALUES (23, 2, 'E1T4SF5C1');
INSERT INTO public.alias (predmet_id, smjer_id, alias) VALUES (23, 2, 'ABXRMVNO3');
INSERT INTO public.alias (predmet_id, smjer_id, alias) VALUES (23, 2, '86P2O6ZLF');
INSERT INTO public.alias (predmet_id, smjer_id, alias) VALUES (23, 2, 'ZLPAR4Y5C');
INSERT INTO public.alias (predmet_id, smjer_id, alias) VALUES (23, 2, 'QCQ3D0R75');
INSERT INTO public.alias (predmet_id, smjer_id, alias) VALUES (23, 2, 'R9Z93T4H1');
INSERT INTO public.alias (predmet_id, smjer_id, alias) VALUES (23, 2, 'RWWAGOIUX');
INSERT INTO public.alias (predmet_id, smjer_id, alias) VALUES (23, 2, 'ZGN604RTW');
INSERT INTO public.alias (predmet_id, smjer_id, alias) VALUES (23, 2, 'Y66S1GC93');
INSERT INTO public.alias (predmet_id, smjer_id, alias) VALUES (23, 2, 'VTD932117');
INSERT INTO public.alias (predmet_id, smjer_id, alias) VALUES (23, 2, 'KBOP1UAYL');
INSERT INTO public.alias (predmet_id, smjer_id, alias) VALUES (23, 2, '03Z8G8PJ5');
INSERT INTO public.alias (predmet_id, smjer_id, alias) VALUES (23, 2, 'XRKBSYRSH');
INSERT INTO public.alias (predmet_id, smjer_id, alias) VALUES (23, 2, '3CKVDF61N');
INSERT INTO public.alias (predmet_id, smjer_id, alias) VALUES (23, 2, 'IX978H51L');
INSERT INTO public.alias (predmet_id, smjer_id, alias) VALUES (33, 10, 'KWFLIRWVG');
INSERT INTO public.alias (predmet_id, smjer_id, alias) VALUES (33, 10, 'O3WPR7ZZX');
INSERT INTO public.alias (predmet_id, smjer_id, alias) VALUES (33, 10, 'TU4BYJP87');
INSERT INTO public.alias (predmet_id, smjer_id, alias) VALUES (33, 10, 'S9JYMPTTA');
INSERT INTO public.alias (predmet_id, smjer_id, alias) VALUES (33, 10, 'TOZZQ9V4F');
INSERT INTO public.alias (predmet_id, smjer_id, alias) VALUES (33, 10, 'INJDUNJJG');
INSERT INTO public.alias (predmet_id, smjer_id, alias) VALUES (33, 10, 'LJSA8FNQX');
INSERT INTO public.alias (predmet_id, smjer_id, alias) VALUES (33, 10, 'WG82K6CBK');
INSERT INTO public.alias (predmet_id, smjer_id, alias) VALUES (33, 10, 'SFEE01DYA');
INSERT INTO public.alias (predmet_id, smjer_id, alias) VALUES (33, 10, 'KNHJWCH3K');
INSERT INTO public.alias (predmet_id, smjer_id, alias) VALUES (33, 10, 'W2OSC8SJS');
INSERT INTO public.alias (predmet_id, smjer_id, alias) VALUES (33, 10, 'UG6GB0WKB');
INSERT INTO public.alias (predmet_id, smjer_id, alias) VALUES (33, 10, 'STCITB0W1');
INSERT INTO public.alias (predmet_id, smjer_id, alias) VALUES (33, 10, 'U15IILLTN');
INSERT INTO public.alias (predmet_id, smjer_id, alias) VALUES (33, 10, 'E5PCP4BN7');
INSERT INTO public.alias (predmet_id, smjer_id, alias) VALUES (33, 10, 'PKPZZF3N3');
INSERT INTO public.alias (predmet_id, smjer_id, alias) VALUES (33, 10, '52SSMQTRC');
INSERT INTO public.alias (predmet_id, smjer_id, alias) VALUES (33, 10, 'HYXCXSUWD');
INSERT INTO public.alias (predmet_id, smjer_id, alias) VALUES (33, 10, 'IRYWNMY8B');
INSERT INTO public.alias (predmet_id, smjer_id, alias) VALUES (33, 10, 'K2VJ1JOUX');
INSERT INTO public.alias (predmet_id, smjer_id, alias) VALUES (33, 10, 'RH5R1O78L');
INSERT INTO public.alias (predmet_id, smjer_id, alias) VALUES (33, 10, 'XCAH0M9GY');
INSERT INTO public.alias (predmet_id, smjer_id, alias) VALUES (33, 10, '29G0XMQNS');
INSERT INTO public.alias (predmet_id, smjer_id, alias) VALUES (33, 10, 'WSVXY0NZI');
INSERT INTO public.alias (predmet_id, smjer_id, alias) VALUES (33, 10, '1FNWWBQLW');
INSERT INTO public.alias (predmet_id, smjer_id, alias) VALUES (33, 10, '6OKNXRX8B');
INSERT INTO public.alias (predmet_id, smjer_id, alias) VALUES (33, 10, 'W5OELQZRN');
INSERT INTO public.alias (predmet_id, smjer_id, alias) VALUES (33, 10, 'PF1P5BHDJ');
INSERT INTO public.alias (predmet_id, smjer_id, alias) VALUES (33, 10, 'J5UTIJZMO');
INSERT INTO public.alias (predmet_id, smjer_id, alias) VALUES (33, 10, 'OR56CH91N');
INSERT INTO public.alias (predmet_id, smjer_id, alias) VALUES (33, 10, 'OYL0J52M1');
INSERT INTO public.alias (predmet_id, smjer_id, alias) VALUES (33, 10, 'NCWAJ9XDU');
INSERT INTO public.alias (predmet_id, smjer_id, alias) VALUES (33, 10, 'STHQRTYPR');
INSERT INTO public.alias (predmet_id, smjer_id, alias) VALUES (33, 10, '529MZ9B7Z');
INSERT INTO public.alias (predmet_id, smjer_id, alias) VALUES (33, 10, 'SXC2M51SK');
INSERT INTO public.alias (predmet_id, smjer_id, alias) VALUES (33, 10, 'PZ91015BA');
INSERT INTO public.alias (predmet_id, smjer_id, alias) VALUES (33, 10, 'VKIP5FV4S');
INSERT INTO public.alias (predmet_id, smjer_id, alias) VALUES (33, 10, '3M4YB8GJH');
INSERT INTO public.alias (predmet_id, smjer_id, alias) VALUES (33, 10, 'O9LG547X0');
INSERT INTO public.alias (predmet_id, smjer_id, alias) VALUES (33, 10, 'Y7CA2LS8H');
INSERT INTO public.alias (predmet_id, smjer_id, alias) VALUES (13, 10, '883N1BEE8');
INSERT INTO public.alias (predmet_id, smjer_id, alias) VALUES (13, 10, 'U2EG1RLG1');
INSERT INTO public.alias (predmet_id, smjer_id, alias) VALUES (13, 10, 'UD3OOP7ZT');
INSERT INTO public.alias (predmet_id, smjer_id, alias) VALUES (13, 10, '14OE2VDYI');
INSERT INTO public.alias (predmet_id, smjer_id, alias) VALUES (13, 10, '984K568AY');
INSERT INTO public.alias (predmet_id, smjer_id, alias) VALUES (13, 10, 'RLO6MZZJX');
INSERT INTO public.alias (predmet_id, smjer_id, alias) VALUES (13, 10, '0SPVMIQDB');
INSERT INTO public.alias (predmet_id, smjer_id, alias) VALUES (13, 10, 'FC3DIAXNF');
INSERT INTO public.alias (predmet_id, smjer_id, alias) VALUES (13, 10, 'RC53PEC7M');
INSERT INTO public.alias (predmet_id, smjer_id, alias) VALUES (13, 10, 'H1V7E6SMN');
INSERT INTO public.alias (predmet_id, smjer_id, alias) VALUES (13, 10, '1SAKP2CUF');
INSERT INTO public.alias (predmet_id, smjer_id, alias) VALUES (13, 10, 'T7KCWLACJ');
INSERT INTO public.alias (predmet_id, smjer_id, alias) VALUES (13, 10, 'FB35TCOFT');
INSERT INTO public.alias (predmet_id, smjer_id, alias) VALUES (13, 10, '2JHIM1VDG');
INSERT INTO public.alias (predmet_id, smjer_id, alias) VALUES (13, 10, 'Z9KOHNP0L');
INSERT INTO public.alias (predmet_id, smjer_id, alias) VALUES (13, 10, 'YHUFT02CW');
INSERT INTO public.alias (predmet_id, smjer_id, alias) VALUES (13, 10, 'YG6CMM9TM');
INSERT INTO public.alias (predmet_id, smjer_id, alias) VALUES (13, 10, 'FAZNER3L2');
INSERT INTO public.alias (predmet_id, smjer_id, alias) VALUES (13, 10, 'FUK28QT7G');
INSERT INTO public.alias (predmet_id, smjer_id, alias) VALUES (13, 10, '6WS8EFRIL');
INSERT INTO public.alias (predmet_id, smjer_id, alias) VALUES (13, 10, '4RWG68UAP');
INSERT INTO public.alias (predmet_id, smjer_id, alias) VALUES (13, 10, 'XIR9UDJ6V');
INSERT INTO public.alias (predmet_id, smjer_id, alias) VALUES (13, 10, 'XZ7Y291VP');
INSERT INTO public.alias (predmet_id, smjer_id, alias) VALUES (13, 10, 'QQH4R9J7O');
INSERT INTO public.alias (predmet_id, smjer_id, alias) VALUES (13, 10, 'E64UHTBAA');
INSERT INTO public.alias (predmet_id, smjer_id, alias) VALUES (13, 10, 'W6UCNTY25');
INSERT INTO public.alias (predmet_id, smjer_id, alias) VALUES (13, 10, '3GYK50H59');
INSERT INTO public.alias (predmet_id, smjer_id, alias) VALUES (13, 10, '03C4NDSSB');
INSERT INTO public.alias (predmet_id, smjer_id, alias) VALUES (13, 10, 'E42RXNY0M');
INSERT INTO public.alias (predmet_id, smjer_id, alias) VALUES (13, 10, 'EQ2LSJPG1');
INSERT INTO public.alias (predmet_id, smjer_id, alias) VALUES (13, 10, 'BS4M86F2S');
INSERT INTO public.alias (predmet_id, smjer_id, alias) VALUES (13, 10, 'JUDWAUL0W');
INSERT INTO public.alias (predmet_id, smjer_id, alias) VALUES (13, 10, 'OUL2OJD15');
INSERT INTO public.alias (predmet_id, smjer_id, alias) VALUES (13, 10, 'O91XLOFTK');
INSERT INTO public.alias (predmet_id, smjer_id, alias) VALUES (13, 10, 'UB3WQ5Z4D');
INSERT INTO public.alias (predmet_id, smjer_id, alias) VALUES (13, 10, '482GM9HTC');
INSERT INTO public.alias (predmet_id, smjer_id, alias) VALUES (13, 10, '2UQ99STP1');
INSERT INTO public.alias (predmet_id, smjer_id, alias) VALUES (13, 10, '7PRUAOSSZ');
INSERT INTO public.alias (predmet_id, smjer_id, alias) VALUES (13, 10, 'YE90XZLL6');
INSERT INTO public.alias (predmet_id, smjer_id, alias) VALUES (13, 10, 'AQGQPAC04');



INSERT INTO public.asistent (jmbg, ime, prezime, datum_rodj, visi_asistent) VALUES ('5567891056409', 'Sead', 'Delali', '1994-07-18', false);
INSERT INTO public.asistent (jmbg, ime, prezime, datum_rodj, visi_asistent) VALUES ('0200650654068', 'Admir', 'Beirevi', '1992-06-29', false);
INSERT INTO public.asistent (jmbg, ime, prezime, datum_rodj, visi_asistent) VALUES ('1762036519806', 'Dina', 'Kamber', '1989-12-17', true);
INSERT INTO public.asistent (jmbg, ime, prezime, datum_rodj, visi_asistent) VALUES ('1568791230680', 'Franjo', 'arevi', '1988-10-21', true);
INSERT INTO public.asistent (jmbg, ime, prezime, datum_rodj, visi_asistent) VALUES ('9795215659406', 'Emin', 'Beo', '1991-02-18', false);
INSERT INTO public.asistent (jmbg, ime, prezime, datum_rodj, visi_asistent) VALUES ('1879871561897', 'Medina', 'Zubaa', '1986-11-14', true);
INSERT INTO public.asistent (jmbg, ime, prezime, datum_rodj, visi_asistent) VALUES ('1297546823647', 'Vedad', 'Leti', '1984-06-24', false);

INSERT INTO public.asistent_smjer_predmet (asistent_id, predmet_id, smjer_id) VALUES ('0200650654068', 9, 3);
INSERT INTO public.asistent_smjer_predmet (asistent_id, predmet_id, smjer_id) VALUES ('5567891056409', 9, 3);
INSERT INTO public.asistent_smjer_predmet (asistent_id, predmet_id, smjer_id) VALUES ('1568791230680', 1, 3);
INSERT INTO public.asistent_smjer_predmet (asistent_id, predmet_id, smjer_id) VALUES ('9795215659406', 2, 3);
INSERT INTO public.asistent_smjer_predmet (asistent_id, predmet_id, smjer_id) VALUES ('1762036519806', 7, 3);
INSERT INTO public.asistent_smjer_predmet (asistent_id, predmet_id, smjer_id) VALUES ('1568791230680', 7, 2);
INSERT INTO public.asistent_smjer_predmet (asistent_id, predmet_id, smjer_id) VALUES ('9795215659406', 10, 3);
INSERT INTO public.asistent_smjer_predmet (asistent_id, predmet_id, smjer_id) VALUES ('0200650654068', 12, 3);
INSERT INTO public.asistent_smjer_predmet (asistent_id, predmet_id, smjer_id) VALUES ('0200650654068', 16, 3);
INSERT INTO public.asistent_smjer_predmet (asistent_id, predmet_id, smjer_id) VALUES ('5567891056409', 18, 3);
INSERT INTO public.asistent_smjer_predmet (asistent_id, predmet_id, smjer_id) VALUES ('5567891056409', 20, 3);
INSERT INTO public.asistent_smjer_predmet (asistent_id, predmet_id, smjer_id) VALUES ('5567891056409', 24, 3);
INSERT INTO public.asistent_smjer_predmet (asistent_id, predmet_id, smjer_id) VALUES ('1297546823647', 27, 3);
INSERT INTO public.asistent_smjer_predmet (asistent_id, predmet_id, smjer_id) VALUES ('5567891056409', 26, 3);
INSERT INTO public.asistent_smjer_predmet (asistent_id, predmet_id, smjer_id) VALUES ('1762036519806', 33, 3);
INSERT INTO public.asistent_smjer_predmet (asistent_id, predmet_id, smjer_id) VALUES ('5567891056409', 35, 3);
INSERT INTO public.asistent_smjer_predmet (asistent_id, predmet_id, smjer_id) VALUES ('0200650654068', 36, 3);
INSERT INTO public.asistent_smjer_predmet (asistent_id, predmet_id, smjer_id) VALUES ('5567891056409', 38, 3);
INSERT INTO public.asistent_smjer_predmet (asistent_id, predmet_id, smjer_id) VALUES ('1568791230680', 23, 2);
INSERT INTO public.asistent_smjer_predmet (asistent_id, predmet_id, smjer_id) VALUES ('5567891056409', 29, 3);


INSERT INTO public.dr_klasifikacija (rank, naziv) VALUES (1, 'Docent');
INSERT INTO public.dr_klasifikacija (rank, naziv) VALUES (2, 'Vanredni profesor');
INSERT INTO public.dr_klasifikacija (rank, naziv) VALUES (3, 'Redovni profesor');
INSERT INTO public.dr_klasifikacija (rank, naziv) VALUES (4, 'Akademik profesor');
INSERT INTO public.dr_klasifikacija (rank, naziv) VALUES (5, 'Emeritus');


INSERT INTO public.drzava (id, naziv) VALUES (1, 'Bosna i Hercegovina');
INSERT INTO public.drzava (id, naziv) VALUES (2, 'Hrvatska');
INSERT INTO public.drzava (id, naziv) VALUES (3, 'Crna Gora');
INSERT INTO public.drzava (id, naziv) VALUES (4, 'Srbija');
INSERT INTO public.drzava (id, naziv) VALUES (5, 'Slovenija');
INSERT INTO public.drzava (id, naziv) VALUES (6, 'Austrija');
INSERT INTO public.drzava (id, naziv) VALUES (7, 'Francuska');

INSERT INTO public.grad (id, ime, drzava) VALUES (1, 'Sarajevo', 1);
INSERT INTO public.grad (id, ime, drzava) VALUES (2, 'Biha', 1);
INSERT INTO public.grad (id, ime, drzava) VALUES (3, 'Kupres', 1);
INSERT INTO public.grad (id, ime, drzava) VALUES (4, 'Zagreb', 2);
INSERT INTO public.grad (id, ime, drzava) VALUES (5, 'Varadin', 2);
INSERT INTO public.grad (id, ime, drzava) VALUES (6, 'Split', 2);
INSERT INTO public.grad (id, ime, drzava) VALUES (7, 'Podgorica', 3);
INSERT INTO public.grad (id, ime, drzava) VALUES (8, 'Herceg Novi', 3);
INSERT INTO public.grad (id, ime, drzava) VALUES (9, 'Kotor', 3);
INSERT INTO public.grad (id, ime, drzava) VALUES (10, 'Beograd', 4);
INSERT INTO public.grad (id, ime, drzava) VALUES (11, 'Ni', 4);
INSERT INTO public.grad (id, ime, drzava) VALUES (12, 'Kragujevac', 4);
INSERT INTO public.grad (id, ime, drzava) VALUES (13, 'Ljubljana', 5);
INSERT INTO public.grad (id, ime, drzava) VALUES (14, 'Kopar', 5);
INSERT INTO public.grad (id, ime, drzava) VALUES (15, 'Maribor', 5);
INSERT INTO public.grad (id, ime, drzava) VALUES (16, 'Be', 6);
INSERT INTO public.grad (id, ime, drzava) VALUES (17, 'Graz', 6);
INSERT INTO public.grad (id, ime, drzava) VALUES (18, 'Klagenfurt', 6);
INSERT INTO public.grad (id, ime, drzava) VALUES (19, 'Pariz', 7);
INSERT INTO public.grad (id, ime, drzava) VALUES (20, 'Marseille', 7);
INSERT INTO public.grad (id, ime, drzava) VALUES (21, 'Bordeaux', 7);


INSERT INTO public.odsjek (id, naziv) VALUES (1, 'Odsjek za matematiku');
INSERT INTO public.odsjek (id, naziv) VALUES (2, 'Odsjek za biologiju');

INSERT INTO public.pitanje (id, tekst, vrsta, tip, numericko) VALUES (1527, 'PitanjeProf1', 1, 2, false);
INSERT INTO public.pitanje (id, tekst, vrsta, tip, numericko) VALUES (1528, 'PitanjeProf2', 2, 2, false);
INSERT INTO public.pitanje (id, tekst, vrsta, tip, numericko) VALUES (1529, 'PitanjeProf3', 3, 2, false);
INSERT INTO public.pitanje (id, tekst, vrsta, tip, numericko) VALUES (1530, 'PitanjeProf4', 3, 2, true);
INSERT INTO public.pitanje (id, tekst, vrsta, tip, numericko) VALUES (1531, 'PitanjeAss1', 1, 3, false);
INSERT INTO public.pitanje (id, tekst, vrsta, tip, numericko) VALUES (1532, 'PitanjeAss2', 2, 3, false);
INSERT INTO public.pitanje (id, tekst, vrsta, tip, numericko) VALUES (1533, 'PitanjeAss3', 3, 3, false);
INSERT INTO public.pitanje (id, tekst, vrsta, tip, numericko) VALUES (1534, 'PitanjeAss4', 3, 3, true);
INSERT INTO public.pitanje (id, tekst, vrsta, tip, numericko) VALUES (1535, 'PitanjePred1', 1, 1, false);
INSERT INTO public.pitanje (id, tekst, vrsta, tip, numericko) VALUES (1536, 'PitanjePred2', 2, 1, false);
INSERT INTO public.pitanje (id, tekst, vrsta, tip, numericko) VALUES (1537, 'PitanjePred3', 3, 1, false);
INSERT INTO public.pitanje (id, tekst, vrsta, tip, numericko) VALUES (1538, 'PitanjePred4', 3, 1, true);
INSERT INTO public.pitanje (id, tekst, vrsta, tip, numericko) VALUES (1539, 'PitanjeProf5', 3, 2, true);

INSERT INTO public.pitanje_odgovor (vrijeme, value, pitanje_id, alias, jmbg_predavaca) VALUES ('2020-01-16 22:14:24.595400', 'NE', 1535, '7G44NEXDP', null);
INSERT INTO public.pitanje_odgovor (vrijeme, value, pitanje_id, alias, jmbg_predavaca) VALUES ('2020-01-16 22:14:24.595400', 'Odgovor na pitanje', 1536, '7G44NEXDP', null);
INSERT INTO public.pitanje_odgovor (vrijeme, value, pitanje_id, alias, jmbg_predavaca) VALUES ('2020-01-16 22:14:24.595400', 'Mnogo', 1537, '7G44NEXDP', null);
INSERT INTO public.pitanje_odgovor (vrijeme, value, pitanje_id, alias, jmbg_predavaca) VALUES ('2020-01-16 22:14:24.595400', '3', 1538, '7G44NEXDP', null);
INSERT INTO public.pitanje_odgovor (vrijeme, value, pitanje_id, alias, jmbg_predavaca) VALUES ('2020-01-16 22:14:24.595400', 'DA', 1527, '7G44NEXDP', '8475962554875');
INSERT INTO public.pitanje_odgovor (vrijeme, value, pitanje_id, alias, jmbg_predavaca) VALUES ('2020-01-16 22:14:24.595400', 'Odgovor2 na pitanje', 1528, '7G44NEXDP', '8475962554875');
INSERT INTO public.pitanje_odgovor (vrijeme, value, pitanje_id, alias, jmbg_predavaca) VALUES ('2020-01-16 22:14:24.595400', 'Malo', 1529, '7G44NEXDP', '8475962554875');
INSERT INTO public.pitanje_odgovor (vrijeme, value, pitanje_id, alias, jmbg_predavaca) VALUES ('2020-01-16 22:14:24.595400', '5', 1530, '7G44NEXDP', '8475962554875');
INSERT INTO public.pitanje_odgovor (vrijeme, value, pitanje_id, alias, jmbg_predavaca) VALUES ('2020-01-16 22:14:24.595400', 'NE', 1531, '7G44NEXDP', '1568791230680');
INSERT INTO public.pitanje_odgovor (vrijeme, value, pitanje_id, alias, jmbg_predavaca) VALUES ('2020-01-16 22:14:24.595400', 'Odgovor na1 pitanje', 1532, '7G44NEXDP', '1568791230680');
INSERT INTO public.pitanje_odgovor (vrijeme, value, pitanje_id, alias, jmbg_predavaca) VALUES ('2020-01-16 22:14:24.595400', 'Malo', 1533, '7G44NEXDP', '1568791230680');
INSERT INTO public.pitanje_odgovor (vrijeme, value, pitanje_id, alias, jmbg_predavaca) VALUES ('2020-01-16 22:14:24.595400', '2', 1534, '7G44NEXDP', '1568791230680');
INSERT INTO public.pitanje_odgovor (vrijeme, value, pitanje_id, alias, jmbg_predavaca) VALUES ('2020-01-16 22:21:11.560513', 'NE', 1535, '03Z8G8PJ5', null);
INSERT INTO public.pitanje_odgovor (vrijeme, value, pitanje_id, alias, jmbg_predavaca) VALUES ('2020-01-16 22:21:11.560513', 'Odgovor na pitanje', 1536, '03Z8G8PJ5', null);
INSERT INTO public.pitanje_odgovor (vrijeme, value, pitanje_id, alias, jmbg_predavaca) VALUES ('2020-01-16 22:21:11.560513', 'Mnogo', 1537, '03Z8G8PJ5', null);
INSERT INTO public.pitanje_odgovor (vrijeme, value, pitanje_id, alias, jmbg_predavaca) VALUES ('2020-01-16 22:21:11.560513', '3', 1538, '03Z8G8PJ5', null);
INSERT INTO public.pitanje_odgovor (vrijeme, value, pitanje_id, alias, jmbg_predavaca) VALUES ('2020-01-16 22:21:11.560513', 'DA', 1527, '03Z8G8PJ5', '7416684164200');
INSERT INTO public.pitanje_odgovor (vrijeme, value, pitanje_id, alias, jmbg_predavaca) VALUES ('2020-01-16 22:21:11.560513', 'Odgovor2 na pitanje', 1528, '03Z8G8PJ5', '7416684164200');
INSERT INTO public.pitanje_odgovor (vrijeme, value, pitanje_id, alias, jmbg_predavaca) VALUES ('2020-01-16 22:21:11.560513', 'Malo', 1529, '03Z8G8PJ5', '7416684164200');
INSERT INTO public.pitanje_odgovor (vrijeme, value, pitanje_id, alias, jmbg_predavaca) VALUES ('2020-01-16 22:21:11.560513', '5', 1530, '03Z8G8PJ5', '7416684164200');
INSERT INTO public.pitanje_odgovor (vrijeme, value, pitanje_id, alias, jmbg_predavaca) VALUES ('2020-01-16 22:21:11.560513', 'NE', 1531, '03Z8G8PJ5', '1568791230680');
INSERT INTO public.pitanje_odgovor (vrijeme, value, pitanje_id, alias, jmbg_predavaca) VALUES ('2020-01-16 22:21:11.560513', 'Odgovor na1 pitanje', 1532, '03Z8G8PJ5', '1568791230680');
INSERT INTO public.pitanje_odgovor (vrijeme, value, pitanje_id, alias, jmbg_predavaca) VALUES ('2020-01-16 22:21:11.560513', 'Malo', 1533, '03Z8G8PJ5', '1568791230680');
INSERT INTO public.pitanje_odgovor (vrijeme, value, pitanje_id, alias, jmbg_predavaca) VALUES ('2020-01-16 22:21:11.560513', '2', 1534, '03Z8G8PJ5', '1568791230680');
INSERT INTO public.pitanje_odgovor (vrijeme, value, pitanje_id, alias, jmbg_predavaca) VALUES ('2020-01-16 22:22:55.662327', 'NE', 1535, 'PBR1INLTB', null);
INSERT INTO public.pitanje_odgovor (vrijeme, value, pitanje_id, alias, jmbg_predavaca) VALUES ('2020-01-16 22:22:55.662327', 'Odgovor na pitanje', 1536, 'PBR1INLTB', null);
INSERT INTO public.pitanje_odgovor (vrijeme, value, pitanje_id, alias, jmbg_predavaca) VALUES ('2020-01-16 22:22:55.662327', 'Mnogo', 1537, 'PBR1INLTB', null);
INSERT INTO public.pitanje_odgovor (vrijeme, value, pitanje_id, alias, jmbg_predavaca) VALUES ('2020-01-16 22:22:55.662327', '3', 1538, 'PBR1INLTB', null);
INSERT INTO public.pitanje_odgovor (vrijeme, value, pitanje_id, alias, jmbg_predavaca) VALUES ('2020-01-16 22:22:55.662327', 'DA', 1527, 'PBR1INLTB', '2356407126489');
INSERT INTO public.pitanje_odgovor (vrijeme, value, pitanje_id, alias, jmbg_predavaca) VALUES ('2020-01-16 22:22:55.662327', 'Odgovor2 na pitanje', 1528, 'PBR1INLTB', '2356407126489');
INSERT INTO public.pitanje_odgovor (vrijeme, value, pitanje_id, alias, jmbg_predavaca) VALUES ('2020-01-16 22:22:55.662327', 'Malo', 1529, 'PBR1INLTB', '2356407126489');
INSERT INTO public.pitanje_odgovor (vrijeme, value, pitanje_id, alias, jmbg_predavaca) VALUES ('2020-01-16 22:22:55.662327', '5', 1530, 'PBR1INLTB', '2356407126489');
INSERT INTO public.pitanje_odgovor (vrijeme, value, pitanje_id, alias, jmbg_predavaca) VALUES ('2020-01-16 22:22:55.662327', 'NE', 1531, 'PBR1INLTB', '1297546823647');
INSERT INTO public.pitanje_odgovor (vrijeme, value, pitanje_id, alias, jmbg_predavaca) VALUES ('2020-01-16 22:22:55.662327', 'Odgovor na1 pitanje', 1532, 'PBR1INLTB', '1297546823647');
INSERT INTO public.pitanje_odgovor (vrijeme, value, pitanje_id, alias, jmbg_predavaca) VALUES ('2020-01-16 22:22:55.662327', 'Malo', 1533, 'PBR1INLTB', '1297546823647');
INSERT INTO public.pitanje_odgovor (vrijeme, value, pitanje_id, alias, jmbg_predavaca) VALUES ('2020-01-16 22:22:55.662327', '2', 1534, 'PBR1INLTB', '1297546823647');
INSERT INTO public.pitanje_odgovor (vrijeme, value, pitanje_id, alias, jmbg_predavaca) VALUES ('2020-01-16 22:27:23.378450', 'NE', 1535, '0DQPTZA45', null);
INSERT INTO public.pitanje_odgovor (vrijeme, value, pitanje_id, alias, jmbg_predavaca) VALUES ('2020-01-16 22:27:23.378450', 'Odgovor na pitanje', 1536, '0DQPTZA45', null);
INSERT INTO public.pitanje_odgovor (vrijeme, value, pitanje_id, alias, jmbg_predavaca) VALUES ('2020-01-16 22:27:23.378450', 'Mnogo', 1537, '0DQPTZA45', null);
INSERT INTO public.pitanje_odgovor (vrijeme, value, pitanje_id, alias, jmbg_predavaca) VALUES ('2020-01-16 22:27:23.378450', '3', 1538, '0DQPTZA45', null);
INSERT INTO public.pitanje_odgovor (vrijeme, value, pitanje_id, alias, jmbg_predavaca) VALUES ('2020-01-16 22:27:23.378450', 'DA', 1527, '0DQPTZA45', '5612874359742');
INSERT INTO public.pitanje_odgovor (vrijeme, value, pitanje_id, alias, jmbg_predavaca) VALUES ('2020-01-16 22:27:23.378450', 'Odgovor2 na pitanje', 1528, '0DQPTZA45', '5612874359742');
INSERT INTO public.pitanje_odgovor (vrijeme, value, pitanje_id, alias, jmbg_predavaca) VALUES ('2020-01-16 22:27:23.378450', 'Malo', 1529, '0DQPTZA45', '5612874359742');
INSERT INTO public.pitanje_odgovor (vrijeme, value, pitanje_id, alias, jmbg_predavaca) VALUES ('2020-01-16 22:27:23.378450', '5', 1530, '0DQPTZA45', '5612874359742');
INSERT INTO public.pitanje_odgovor (vrijeme, value, pitanje_id, alias, jmbg_predavaca) VALUES ('2020-01-16 22:27:23.378450', 'NE', 1531, '0DQPTZA45', '5567891056409');
INSERT INTO public.pitanje_odgovor (vrijeme, value, pitanje_id, alias, jmbg_predavaca) VALUES ('2020-01-16 22:27:23.378450', 'Odgovor na1 pitanje', 1532, '0DQPTZA45', '5567891056409');
INSERT INTO public.pitanje_odgovor (vrijeme, value, pitanje_id, alias, jmbg_predavaca) VALUES ('2020-01-16 22:27:23.378450', 'Malo', 1533, '0DQPTZA45', '5567891056409');
INSERT INTO public.pitanje_odgovor (vrijeme, value, pitanje_id, alias, jmbg_predavaca) VALUES ('2020-01-16 22:27:23.378450', '2', 1534, '0DQPTZA45', '5567891056409');
INSERT INTO public.pitanje_odgovor (vrijeme, value, pitanje_id, alias, jmbg_predavaca) VALUES ('2020-01-16 22:29:48.378388', 'da', 1535, 'E3G020MUK', null);
INSERT INTO public.pitanje_odgovor (vrijeme, value, pitanje_id, alias, jmbg_predavaca) VALUES ('2020-01-16 22:29:48.378388', 'Odgovor na pitanje', 1536, 'E3G020MUK', null);
INSERT INTO public.pitanje_odgovor (vrijeme, value, pitanje_id, alias, jmbg_predavaca) VALUES ('2020-01-16 22:29:48.378388', 'Malo', 1537, 'E3G020MUK', null);
INSERT INTO public.pitanje_odgovor (vrijeme, value, pitanje_id, alias, jmbg_predavaca) VALUES ('2020-01-16 22:29:48.378388', '3', 1538, 'E3G020MUK', null);
INSERT INTO public.pitanje_odgovor (vrijeme, value, pitanje_id, alias, jmbg_predavaca) VALUES ('2020-01-16 22:29:48.378388', 'ne', 1527, 'E3G020MUK', '1254789654258');
INSERT INTO public.pitanje_odgovor (vrijeme, value, pitanje_id, alias, jmbg_predavaca) VALUES ('2020-01-16 22:29:48.378388', 'Odgovor1 na pitanje', 1528, 'E3G020MUK', '1254789654258');
INSERT INTO public.pitanje_odgovor (vrijeme, value, pitanje_id, alias, jmbg_predavaca) VALUES ('2020-01-16 22:29:48.378388', 'Nisam siguran', 1529, 'E3G020MUK', '1254789654258');
INSERT INTO public.pitanje_odgovor (vrijeme, value, pitanje_id, alias, jmbg_predavaca) VALUES ('2020-01-16 22:29:48.378388', '5', 1530, 'E3G020MUK', '1254789654258');
INSERT INTO public.pitanje_odgovor (vrijeme, value, pitanje_id, alias, jmbg_predavaca) VALUES ('2020-01-16 22:29:48.378388', 'da', 1531, 'E3G020MUK', '5567891056409');
INSERT INTO public.pitanje_odgovor (vrijeme, value, pitanje_id, alias, jmbg_predavaca) VALUES ('2020-01-16 22:29:48.378388', 'Odgovor na 1pitanje', 1532, 'E3G020MUK', '5567891056409');
INSERT INTO public.pitanje_odgovor (vrijeme, value, pitanje_id, alias, jmbg_predavaca) VALUES ('2020-01-16 22:29:48.378388', 'Nikako', 1533, 'E3G020MUK', '5567891056409');
INSERT INTO public.pitanje_odgovor (vrijeme, value, pitanje_id, alias, jmbg_predavaca) VALUES ('2020-01-16 22:29:48.378388', '2', 1534, 'E3G020MUK', '5567891056409');
INSERT INTO public.pitanje_odgovor (vrijeme, value, pitanje_id, alias, jmbg_predavaca) VALUES ('2020-01-16 22:32:34.452514', 'ne', 1535, '2EIQZ4WMV', null);
INSERT INTO public.pitanje_odgovor (vrijeme, value, pitanje_id, alias, jmbg_predavaca) VALUES ('2020-01-16 22:32:34.452514', '1Odgovor na1 pitanje', 1536, '2EIQZ4WMV', null);
INSERT INTO public.pitanje_odgovor (vrijeme, value, pitanje_id, alias, jmbg_predavaca) VALUES ('2020-01-16 22:32:34.452514', 'Nikako', 1537, '2EIQZ4WMV', null);
INSERT INTO public.pitanje_odgovor (vrijeme, value, pitanje_id, alias, jmbg_predavaca) VALUES ('2020-01-16 22:32:34.452514', '4', 1538, '2EIQZ4WMV', null);
INSERT INTO public.pitanje_odgovor (vrijeme, value, pitanje_id, alias, jmbg_predavaca) VALUES ('2020-01-16 22:32:34.452514', 'ne', 1527, '2EIQZ4WMV', '2356407126489');
INSERT INTO public.pitanje_odgovor (vrijeme, value, pitanje_id, alias, jmbg_predavaca) VALUES ('2020-01-16 22:32:34.452514', 'Odgovor1 na pitanje', 1528, '2EIQZ4WMV', '2356407126489');
INSERT INTO public.pitanje_odgovor (vrijeme, value, pitanje_id, alias, jmbg_predavaca) VALUES ('2020-01-16 22:32:34.452514', 'Nisam siguran', 1529, '2EIQZ4WMV', '2356407126489');
INSERT INTO public.pitanje_odgovor (vrijeme, value, pitanje_id, alias, jmbg_predavaca) VALUES ('2020-01-16 22:32:34.452514', '1', 1530, '2EIQZ4WMV', '2356407126489');
INSERT INTO public.pitanje_odgovor (vrijeme, value, pitanje_id, alias, jmbg_predavaca) VALUES ('2020-01-16 22:32:34.452514', 'ne', 1531, '2EIQZ4WMV', '1297546823647');
INSERT INTO public.pitanje_odgovor (vrijeme, value, pitanje_id, alias, jmbg_predavaca) VALUES ('2020-01-16 22:32:34.452514', 'Odgovor na 1pitanje', 1532, '2EIQZ4WMV', '1297546823647');
INSERT INTO public.pitanje_odgovor (vrijeme, value, pitanje_id, alias, jmbg_predavaca) VALUES ('2020-01-16 22:32:34.452514', 'Poprilino', 1533, '2EIQZ4WMV', '1297546823647');
INSERT INTO public.pitanje_odgovor (vrijeme, value, pitanje_id, alias, jmbg_predavaca) VALUES ('2020-01-16 22:32:34.452514', '5', 1534, '2EIQZ4WMV', '1297546823647');
INSERT INTO public.pitanje_odgovor (vrijeme, value, pitanje_id, alias, jmbg_predavaca) VALUES ('2020-01-16 22:35:13.968445', 'DA', 1535, 'B1JM11110', null);
INSERT INTO public.pitanje_odgovor (vrijeme, value, pitanje_id, alias, jmbg_predavaca) VALUES ('2020-01-16 22:35:13.968445', '1Odgovor na 3pitanje', 1536, 'B1JM11110', null);
INSERT INTO public.pitanje_odgovor (vrijeme, value, pitanje_id, alias, jmbg_predavaca) VALUES ('2020-01-16 22:35:13.968445', 'Poprilino', 1537, 'B1JM11110', null);
INSERT INTO public.pitanje_odgovor (vrijeme, value, pitanje_id, alias, jmbg_predavaca) VALUES ('2020-01-16 22:35:13.968445', '1', 1538, 'B1JM11110', null);
INSERT INTO public.pitanje_odgovor (vrijeme, value, pitanje_id, alias, jmbg_predavaca) VALUES ('2020-01-16 22:35:13.968445', 'ne', 1527, 'B1JM11110', '1254789654258');
INSERT INTO public.pitanje_odgovor (vrijeme, value, pitanje_id, alias, jmbg_predavaca) VALUES ('2020-01-16 22:35:13.968445', 'Odgovor2 2na pitanje', 1528, 'B1JM11110', '1254789654258');
INSERT INTO public.pitanje_odgovor (vrijeme, value, pitanje_id, alias, jmbg_predavaca) VALUES ('2020-01-16 22:35:13.968445', 'Nikako', 1529, 'B1JM11110', '1254789654258');
INSERT INTO public.pitanje_odgovor (vrijeme, value, pitanje_id, alias, jmbg_predavaca) VALUES ('2020-01-16 22:35:13.968445', '3', 1530, 'B1JM11110', '1254789654258');
INSERT INTO public.pitanje_odgovor (vrijeme, value, pitanje_id, alias, jmbg_predavaca) VALUES ('2020-01-16 22:35:13.968445', 'DA', 1531, 'B1JM11110', '5567891056409');
INSERT INTO public.pitanje_odgovor (vrijeme, value, pitanje_id, alias, jmbg_predavaca) VALUES ('2020-01-16 22:35:13.968445', 'Odgovor na 4pitanje', 1532, 'B1JM11110', '5567891056409');
INSERT INTO public.pitanje_odgovor (vrijeme, value, pitanje_id, alias, jmbg_predavaca) VALUES ('2020-01-16 22:35:13.968445', 'Malo', 1533, 'B1JM11110', '5567891056409');
INSERT INTO public.pitanje_odgovor (vrijeme, value, pitanje_id, alias, jmbg_predavaca) VALUES ('2020-01-16 22:35:13.968445', '2', 1534, 'B1JM11110', '5567891056409');
INSERT INTO public.pitanje_odgovor (vrijeme, value, pitanje_id, alias, jmbg_predavaca) VALUES ('2020-01-16 22:41:32.995725', 'NE', 1535, 'JUGQHIZB3', null);
INSERT INTO public.pitanje_odgovor (vrijeme, value, pitanje_id, alias, jmbg_predavaca) VALUES ('2020-01-16 22:41:32.995725', 'Odgovor na 3pitanje2', 1536, 'JUGQHIZB3', null);
INSERT INTO public.pitanje_odgovor (vrijeme, value, pitanje_id, alias, jmbg_predavaca) VALUES ('2020-01-16 22:41:32.995725', 'Malo', 1537, 'JUGQHIZB3', null);
INSERT INTO public.pitanje_odgovor (vrijeme, value, pitanje_id, alias, jmbg_predavaca) VALUES ('2020-01-16 22:41:32.995725', '4', 1538, 'JUGQHIZB3', null);
INSERT INTO public.pitanje_odgovor (vrijeme, value, pitanje_id, alias, jmbg_predavaca) VALUES ('2020-01-16 22:41:32.995725', 'ne', 1527, 'JUGQHIZB3', '2356407126489');
INSERT INTO public.pitanje_odgovor (vrijeme, value, pitanje_id, alias, jmbg_predavaca) VALUES ('2020-01-16 22:41:32.995725', 'Odgovor 2na2 pitanje', 1528, 'JUGQHIZB3', '2356407126489');
INSERT INTO public.pitanje_odgovor (vrijeme, value, pitanje_id, alias, jmbg_predavaca) VALUES ('2020-01-16 22:41:32.995725', 'Poprilino', 1529, 'JUGQHIZB3', '2356407126489');
INSERT INTO public.pitanje_odgovor (vrijeme, value, pitanje_id, alias, jmbg_predavaca) VALUES ('2020-01-16 22:41:32.995725', '2', 1530, 'JUGQHIZB3', '2356407126489');
INSERT INTO public.pitanje_odgovor (vrijeme, value, pitanje_id, alias, jmbg_predavaca) VALUES ('2020-01-16 22:41:32.995725', 'NE', 1531, 'JUGQHIZB3', '1297546823647');
INSERT INTO public.pitanje_odgovor (vrijeme, value, pitanje_id, alias, jmbg_predavaca) VALUES ('2020-01-16 22:41:32.995725', 'Odgovor na 4pitanje', 1532, 'JUGQHIZB3', '1297546823647');
INSERT INTO public.pitanje_odgovor (vrijeme, value, pitanje_id, alias, jmbg_predavaca) VALUES ('2020-01-16 22:41:32.995725', 'Nisam siguran', 1533, 'JUGQHIZB3', '1297546823647');
INSERT INTO public.pitanje_odgovor (vrijeme, value, pitanje_id, alias, jmbg_predavaca) VALUES ('2020-01-16 22:41:32.995725', '5', 1534, 'JUGQHIZB3', '1297546823647');
INSERT INTO public.pitanje_odgovor (vrijeme, value, pitanje_id, alias, jmbg_predavaca) VALUES ('2020-01-16 22:46:47.164644', 'NE', 1535, 'OZFC7MU3L', null);
INSERT INTO public.pitanje_odgovor (vrijeme, value, pitanje_id, alias, jmbg_predavaca) VALUES ('2020-01-16 22:46:47.164644', 'Odgovor 6na pitanje2', 1536, 'OZFC7MU3L', null);
INSERT INTO public.pitanje_odgovor (vrijeme, value, pitanje_id, alias, jmbg_predavaca) VALUES ('2020-01-16 22:46:47.164644', 'Nisam siguran', 1537, 'OZFC7MU3L', null);
INSERT INTO public.pitanje_odgovor (vrijeme, value, pitanje_id, alias, jmbg_predavaca) VALUES ('2020-01-16 22:46:47.164644', '5', 1538, 'OZFC7MU3L', null);
INSERT INTO public.pitanje_odgovor (vrijeme, value, pitanje_id, alias, jmbg_predavaca) VALUES ('2020-01-16 22:46:47.164644', 'DA', 1527, 'OZFC7MU3L', '1254789654258');
INSERT INTO public.pitanje_odgovor (vrijeme, value, pitanje_id, alias, jmbg_predavaca) VALUES ('2020-01-16 22:46:47.164644', 'Odgovorna2 pitanje', 1528, 'OZFC7MU3L', '1254789654258');
INSERT INTO public.pitanje_odgovor (vrijeme, value, pitanje_id, alias, jmbg_predavaca) VALUES ('2020-01-16 22:46:47.164644', 'Mnogo', 1529, 'OZFC7MU3L', '1254789654258');
INSERT INTO public.pitanje_odgovor (vrijeme, value, pitanje_id, alias, jmbg_predavaca) VALUES ('2020-01-16 22:46:47.164644', '5', 1530, 'OZFC7MU3L', '1254789654258');
INSERT INTO public.pitanje_odgovor (vrijeme, value, pitanje_id, alias, jmbg_predavaca) VALUES ('2020-01-16 22:46:47.164644', 'NE', 1531, 'OZFC7MU3L', '9795215659406');
INSERT INTO public.pitanje_odgovor (vrijeme, value, pitanje_id, alias, jmbg_predavaca) VALUES ('2020-01-16 22:46:47.164644', 'Odgovor na pitanje5', 1532, 'OZFC7MU3L', '9795215659406');
INSERT INTO public.pitanje_odgovor (vrijeme, value, pitanje_id, alias, jmbg_predavaca) VALUES ('2020-01-16 22:46:47.164644', 'Poprilino', 1533, 'OZFC7MU3L', '9795215659406');
INSERT INTO public.pitanje_odgovor (vrijeme, value, pitanje_id, alias, jmbg_predavaca) VALUES ('2020-01-16 22:46:47.164644', '4', 1534, 'OZFC7MU3L', '9795215659406');
INSERT INTO public.pitanje_odgovor (vrijeme, value, pitanje_id, alias, jmbg_predavaca) VALUES ('2020-01-16 22:48:45.552563', 'DA', 1535, 'Z7EO8MNNZ', null);
INSERT INTO public.pitanje_odgovor (vrijeme, value, pitanje_id, alias, jmbg_predavaca) VALUES ('2020-01-16 22:48:45.552563', '1Odgovor na pitanje2', 1536, 'Z7EO8MNNZ', null);
INSERT INTO public.pitanje_odgovor (vrijeme, value, pitanje_id, alias, jmbg_predavaca) VALUES ('2020-01-16 22:48:45.552563', 'Nisam siguran', 1537, 'Z7EO8MNNZ', null);
INSERT INTO public.pitanje_odgovor (vrijeme, value, pitanje_id, alias, jmbg_predavaca) VALUES ('2020-01-16 22:48:45.552563', '4', 1538, 'Z7EO8MNNZ', null);
INSERT INTO public.pitanje_odgovor (vrijeme, value, pitanje_id, alias, jmbg_predavaca) VALUES ('2020-01-16 22:48:45.552563', 'DA', 1527, 'Z7EO8MNNZ', '1254789654258');
INSERT INTO public.pitanje_odgovor (vrijeme, value, pitanje_id, alias, jmbg_predavaca) VALUES ('2020-01-16 22:48:45.552563', 'Odgovorna2 pitanje3', 1528, 'Z7EO8MNNZ', '1254789654258');
INSERT INTO public.pitanje_odgovor (vrijeme, value, pitanje_id, alias, jmbg_predavaca) VALUES ('2020-01-16 22:48:45.552563', 'Poprilino', 1529, 'Z7EO8MNNZ', '1254789654258');
INSERT INTO public.pitanje_odgovor (vrijeme, value, pitanje_id, alias, jmbg_predavaca) VALUES ('2020-01-16 22:48:45.552563', '4', 1530, 'Z7EO8MNNZ', '1254789654258');
INSERT INTO public.pitanje_odgovor (vrijeme, value, pitanje_id, alias, jmbg_predavaca) VALUES ('2020-01-16 22:48:45.552563', 'DA', 1531, 'Z7EO8MNNZ', '9795215659406');
INSERT INTO public.pitanje_odgovor (vrijeme, value, pitanje_id, alias, jmbg_predavaca) VALUES ('2020-01-16 22:48:45.552563', 'Odgovor na pitanje4', 1532, 'Z7EO8MNNZ', '9795215659406');
INSERT INTO public.pitanje_odgovor (vrijeme, value, pitanje_id, alias, jmbg_predavaca) VALUES ('2020-01-16 22:48:45.552563', 'Nikako', 1533, 'Z7EO8MNNZ', '9795215659406');
INSERT INTO public.pitanje_odgovor (vrijeme, value, pitanje_id, alias, jmbg_predavaca) VALUES ('2020-01-16 22:48:45.552563', '3', 1534, 'Z7EO8MNNZ', '9795215659406');
INSERT INTO public.pitanje_odgovor (vrijeme, value, pitanje_id, alias, jmbg_predavaca) VALUES ('2020-01-16 22:52:51.644449', 'DA', 1535, 'PRMF29ETC', null);
INSERT INTO public.pitanje_odgovor (vrijeme, value, pitanje_id, alias, jmbg_predavaca) VALUES ('2020-01-16 22:52:51.644449', 'Odgovor 2na pitanje2', 1536, 'PRMF29ETC', null);
INSERT INTO public.pitanje_odgovor (vrijeme, value, pitanje_id, alias, jmbg_predavaca) VALUES ('2020-01-16 22:52:51.644449', 'Mnogo', 1537, 'PRMF29ETC', null);
INSERT INTO public.pitanje_odgovor (vrijeme, value, pitanje_id, alias, jmbg_predavaca) VALUES ('2020-01-16 22:52:51.644449', '5', 1538, 'PRMF29ETC', null);
INSERT INTO public.pitanje_odgovor (vrijeme, value, pitanje_id, alias, jmbg_predavaca) VALUES ('2020-01-16 22:52:51.644449', 'NE', 1527, 'PRMF29ETC', '8475962554875');
INSERT INTO public.pitanje_odgovor (vrijeme, value, pitanje_id, alias, jmbg_predavaca) VALUES ('2020-01-16 22:52:51.644449', 'Odgovor na 2pitanje3', 1528, 'PRMF29ETC', '8475962554875');
INSERT INTO public.pitanje_odgovor (vrijeme, value, pitanje_id, alias, jmbg_predavaca) VALUES ('2020-01-16 22:52:51.644449', 'Poprilino', 1529, 'PRMF29ETC', '8475962554875');
INSERT INTO public.pitanje_odgovor (vrijeme, value, pitanje_id, alias, jmbg_predavaca) VALUES ('2020-01-16 22:52:51.644449', '2', 1530, 'PRMF29ETC', '8475962554875');
INSERT INTO public.pitanje_odgovor (vrijeme, value, pitanje_id, alias, jmbg_predavaca) VALUES ('2020-01-16 22:52:51.644449', 'DA', 1531, 'PRMF29ETC', '1568791230680');
INSERT INTO public.pitanje_odgovor (vrijeme, value, pitanje_id, alias, jmbg_predavaca) VALUES ('2020-01-16 22:52:51.644449', 'Odgovor11 na pitanje4', 1532, 'PRMF29ETC', '1568791230680');
INSERT INTO public.pitanje_odgovor (vrijeme, value, pitanje_id, alias, jmbg_predavaca) VALUES ('2020-01-16 22:52:51.644449', 'Mnogo', 1533, 'PRMF29ETC', '1568791230680');
INSERT INTO public.pitanje_odgovor (vrijeme, value, pitanje_id, alias, jmbg_predavaca) VALUES ('2020-01-16 22:52:51.644449', '5', 1534, 'PRMF29ETC', '1568791230680');
INSERT INTO public.pitanje_odgovor (vrijeme, value, pitanje_id, alias, jmbg_predavaca) VALUES ('2020-01-16 22:54:13.508693', 'DA', 1535, '52PE5RSWT', null);
INSERT INTO public.pitanje_odgovor (vrijeme, value, pitanje_id, alias, jmbg_predavaca) VALUES ('2020-01-16 22:54:13.508693', 'Odgovor 2na2 pitanje', 1536, '52PE5RSWT', null);
INSERT INTO public.pitanje_odgovor (vrijeme, value, pitanje_id, alias, jmbg_predavaca) VALUES ('2020-01-16 22:54:13.508693', 'Mnogo', 1537, '52PE5RSWT', null);
INSERT INTO public.pitanje_odgovor (vrijeme, value, pitanje_id, alias, jmbg_predavaca) VALUES ('2020-01-16 22:54:13.508693', '3', 1538, '52PE5RSWT', null);
INSERT INTO public.pitanje_odgovor (vrijeme, value, pitanje_id, alias, jmbg_predavaca) VALUES ('2020-01-16 22:54:13.508693', 'DA', 1527, '52PE5RSWT', '8475962554875');
INSERT INTO public.pitanje_odgovor (vrijeme, value, pitanje_id, alias, jmbg_predavaca) VALUES ('2020-01-16 22:54:13.508693', 'Odgovor 2na1 pitanje', 1528, '52PE5RSWT', '8475962554875');
INSERT INTO public.pitanje_odgovor (vrijeme, value, pitanje_id, alias, jmbg_predavaca) VALUES ('2020-01-16 22:54:13.508693', 'Mnogo', 1529, '52PE5RSWT', '8475962554875');
INSERT INTO public.pitanje_odgovor (vrijeme, value, pitanje_id, alias, jmbg_predavaca) VALUES ('2020-01-16 22:54:13.508693', '4', 1530, '52PE5RSWT', '8475962554875');
INSERT INTO public.pitanje_odgovor (vrijeme, value, pitanje_id, alias, jmbg_predavaca) VALUES ('2020-01-16 22:54:13.508693', 'NE', 1531, '52PE5RSWT', '1568791230680');
INSERT INTO public.pitanje_odgovor (vrijeme, value, pitanje_id, alias, jmbg_predavaca) VALUES ('2020-01-16 22:54:13.508693', 'Odgovor11 na pitanje', 1532, '52PE5RSWT', '1568791230680');
INSERT INTO public.pitanje_odgovor (vrijeme, value, pitanje_id, alias, jmbg_predavaca) VALUES ('2020-01-16 22:54:13.508693', 'Poprilino', 1533, '52PE5RSWT', '1568791230680');
INSERT INTO public.pitanje_odgovor (vrijeme, value, pitanje_id, alias, jmbg_predavaca) VALUES ('2020-01-16 22:54:13.508693', '4', 1534, '52PE5RSWT', '1568791230680');
INSERT INTO public.pitanje_odgovor (vrijeme, value, pitanje_id, alias, jmbg_predavaca) VALUES ('2020-01-16 22:56:35.348492', 'NE', 1535, 'M7L57NIVA', null);
INSERT INTO public.pitanje_odgovor (vrijeme, value, pitanje_id, alias, jmbg_predavaca) VALUES ('2020-01-16 22:56:35.348492', 'Odgovor33', 1536, 'M7L57NIVA', null);
INSERT INTO public.pitanje_odgovor (vrijeme, value, pitanje_id, alias, jmbg_predavaca) VALUES ('2020-01-16 22:56:35.348492', 'Nikako', 1537, 'M7L57NIVA', null);
INSERT INTO public.pitanje_odgovor (vrijeme, value, pitanje_id, alias, jmbg_predavaca) VALUES ('2020-01-16 22:56:35.348492', '2', 1538, 'M7L57NIVA', null);
INSERT INTO public.pitanje_odgovor (vrijeme, value, pitanje_id, alias, jmbg_predavaca) VALUES ('2020-01-16 22:56:35.348492', 'NE', 1527, 'M7L57NIVA', '1204580694167');
INSERT INTO public.pitanje_odgovor (vrijeme, value, pitanje_id, alias, jmbg_predavaca) VALUES ('2020-01-16 22:56:35.348492', 'Odgovor2', 1528, 'M7L57NIVA', '1204580694167');
INSERT INTO public.pitanje_odgovor (vrijeme, value, pitanje_id, alias, jmbg_predavaca) VALUES ('2020-01-16 22:56:35.348492', 'Malo', 1529, 'M7L57NIVA', '1204580694167');
INSERT INTO public.pitanje_odgovor (vrijeme, value, pitanje_id, alias, jmbg_predavaca) VALUES ('2020-01-16 22:56:35.348492', '1', 1530, 'M7L57NIVA', '1204580694167');
INSERT INTO public.pitanje_odgovor (vrijeme, value, pitanje_id, alias, jmbg_predavaca) VALUES ('2020-01-16 22:56:35.348492', 'NE', 1531, 'M7L57NIVA', '5567891056409');
INSERT INTO public.pitanje_odgovor (vrijeme, value, pitanje_id, alias, jmbg_predavaca) VALUES ('2020-01-16 22:56:35.348492', 'Odgovor1 ', 1532, 'M7L57NIVA', '5567891056409');
INSERT INTO public.pitanje_odgovor (vrijeme, value, pitanje_id, alias, jmbg_predavaca) VALUES ('2020-01-16 22:56:35.348492', 'Malo', 1533, 'M7L57NIVA', '5567891056409');
INSERT INTO public.pitanje_odgovor (vrijeme, value, pitanje_id, alias, jmbg_predavaca) VALUES ('2020-01-16 22:56:35.348492', '1', 1534, 'M7L57NIVA', '5567891056409');
INSERT INTO public.pitanje_odgovor (vrijeme, value, pitanje_id, alias, jmbg_predavaca) VALUES ('2020-01-16 23:00:13.278248', 'da', 1535, 'BMMG3U8YC', null);
INSERT INTO public.pitanje_odgovor (vrijeme, value, pitanje_id, alias, jmbg_predavaca) VALUES ('2020-01-16 23:00:13.278248', 'Odgovor3', 1536, 'BMMG3U8YC', null);
INSERT INTO public.pitanje_odgovor (vrijeme, value, pitanje_id, alias, jmbg_predavaca) VALUES ('2020-01-16 23:00:13.278248', 'Poprilino', 1537, 'BMMG3U8YC', null);
INSERT INTO public.pitanje_odgovor (vrijeme, value, pitanje_id, alias, jmbg_predavaca) VALUES ('2020-01-16 23:00:13.278248', '5', 1538, 'BMMG3U8YC', null);
INSERT INTO public.pitanje_odgovor (vrijeme, value, pitanje_id, alias, jmbg_predavaca) VALUES ('2020-01-16 23:00:13.278248', 'da', 1527, 'BMMG3U8YC', '7416684164200');
INSERT INTO public.pitanje_odgovor (vrijeme, value, pitanje_id, alias, jmbg_predavaca) VALUES ('2020-01-16 23:00:13.278248', 'Odgovors', 1528, 'BMMG3U8YC', '7416684164200');
INSERT INTO public.pitanje_odgovor (vrijeme, value, pitanje_id, alias, jmbg_predavaca) VALUES ('2020-01-16 23:00:13.278248', 'Nisam siguran', 1529, 'BMMG3U8YC', '7416684164200');
INSERT INTO public.pitanje_odgovor (vrijeme, value, pitanje_id, alias, jmbg_predavaca) VALUES ('2020-01-16 23:00:13.278248', '3', 1530, 'BMMG3U8YC', '7416684164200');
INSERT INTO public.pitanje_odgovor (vrijeme, value, pitanje_id, alias, jmbg_predavaca) VALUES ('2020-01-16 23:00:13.278248', 'NE', 1531, 'BMMG3U8YC', '0200650654068');
INSERT INTO public.pitanje_odgovor (vrijeme, value, pitanje_id, alias, jmbg_predavaca) VALUES ('2020-01-16 23:00:13.278248', 'Odgovor87 ', 1532, 'BMMG3U8YC', '0200650654068');
INSERT INTO public.pitanje_odgovor (vrijeme, value, pitanje_id, alias, jmbg_predavaca) VALUES ('2020-01-16 23:00:13.278248', 'Mnogo', 1533, 'BMMG3U8YC', '0200650654068');
INSERT INTO public.pitanje_odgovor (vrijeme, value, pitanje_id, alias, jmbg_predavaca) VALUES ('2020-01-16 23:00:13.278248', '4', 1534, 'BMMG3U8YC', '0200650654068');
INSERT INTO public.pitanje_odgovor (vrijeme, value, pitanje_id, alias, jmbg_predavaca) VALUES ('2020-01-16 23:01:10.196443', 'da', 1535, '3TQ5AY68N', null);
INSERT INTO public.pitanje_odgovor (vrijeme, value, pitanje_id, alias, jmbg_predavaca) VALUES ('2020-01-16 23:01:10.196443', 'Odgovor381', 1536, '3TQ5AY68N', null);
INSERT INTO public.pitanje_odgovor (vrijeme, value, pitanje_id, alias, jmbg_predavaca) VALUES ('2020-01-16 23:01:10.196443', 'Poprilino', 1537, '3TQ5AY68N', null);
INSERT INTO public.pitanje_odgovor (vrijeme, value, pitanje_id, alias, jmbg_predavaca) VALUES ('2020-01-16 23:01:10.196443', '4', 1538, '3TQ5AY68N', null);
INSERT INTO public.pitanje_odgovor (vrijeme, value, pitanje_id, alias, jmbg_predavaca) VALUES ('2020-01-16 23:01:10.196443', 'da', 1527, '3TQ5AY68N', '7416684164200');
INSERT INTO public.pitanje_odgovor (vrijeme, value, pitanje_id, alias, jmbg_predavaca) VALUES ('2020-01-16 23:01:10.196443', 'Odgovor432', 1528, '3TQ5AY68N', '7416684164200');
INSERT INTO public.pitanje_odgovor (vrijeme, value, pitanje_id, alias, jmbg_predavaca) VALUES ('2020-01-16 23:01:10.196443', 'Mnogo', 1529, '3TQ5AY68N', '7416684164200');
INSERT INTO public.pitanje_odgovor (vrijeme, value, pitanje_id, alias, jmbg_predavaca) VALUES ('2020-01-16 23:01:10.196443', '5', 1530, '3TQ5AY68N', '7416684164200');
INSERT INTO public.pitanje_odgovor (vrijeme, value, pitanje_id, alias, jmbg_predavaca) VALUES ('2020-01-16 23:01:10.196443', 'DA', 1531, '3TQ5AY68N', '0200650654068');
INSERT INTO public.pitanje_odgovor (vrijeme, value, pitanje_id, alias, jmbg_predavaca) VALUES ('2020-01-16 23:01:10.196443', 'Odgovor21 ', 1532, '3TQ5AY68N', '0200650654068');
INSERT INTO public.pitanje_odgovor (vrijeme, value, pitanje_id, alias, jmbg_predavaca) VALUES ('2020-01-16 23:01:10.196443', 'Poprilino', 1533, '3TQ5AY68N', '0200650654068');
INSERT INTO public.pitanje_odgovor (vrijeme, value, pitanje_id, alias, jmbg_predavaca) VALUES ('2020-01-16 23:01:10.196443', '4', 1534, '3TQ5AY68N', '0200650654068');
INSERT INTO public.pitanje_odgovor (vrijeme, value, pitanje_id, alias, jmbg_predavaca) VALUES ('2020-01-16 23:02:24.920522', 'ne', 1535, 'SQF2O9ZEB', null);
INSERT INTO public.pitanje_odgovor (vrijeme, value, pitanje_id, alias, jmbg_predavaca) VALUES ('2020-01-16 23:02:24.920522', 'Odgovor86', 1536, 'SQF2O9ZEB', null);
INSERT INTO public.pitanje_odgovor (vrijeme, value, pitanje_id, alias, jmbg_predavaca) VALUES ('2020-01-16 23:02:24.920522', 'Nisam siguran', 1537, 'SQF2O9ZEB', null);
INSERT INTO public.pitanje_odgovor (vrijeme, value, pitanje_id, alias, jmbg_predavaca) VALUES ('2020-01-16 23:02:24.920522', '3', 1538, 'SQF2O9ZEB', null);
INSERT INTO public.pitanje_odgovor (vrijeme, value, pitanje_id, alias, jmbg_predavaca) VALUES ('2020-01-16 23:02:24.920522', 'ne', 1527, 'SQF2O9ZEB', '7416684164200');
INSERT INTO public.pitanje_odgovor (vrijeme, value, pitanje_id, alias, jmbg_predavaca) VALUES ('2020-01-16 23:02:24.920522', 'Odgovor922', 1528, 'SQF2O9ZEB', '7416684164200');
INSERT INTO public.pitanje_odgovor (vrijeme, value, pitanje_id, alias, jmbg_predavaca) VALUES ('2020-01-16 23:02:24.920522', 'Malo', 1529, 'SQF2O9ZEB', '7416684164200');
INSERT INTO public.pitanje_odgovor (vrijeme, value, pitanje_id, alias, jmbg_predavaca) VALUES ('2020-01-16 23:02:24.920522', '1', 1530, 'SQF2O9ZEB', '7416684164200');
INSERT INTO public.pitanje_odgovor (vrijeme, value, pitanje_id, alias, jmbg_predavaca) VALUES ('2020-01-16 23:02:24.920522', 'DA', 1531, 'SQF2O9ZEB', '0200650654068');
INSERT INTO public.pitanje_odgovor (vrijeme, value, pitanje_id, alias, jmbg_predavaca) VALUES ('2020-01-16 23:02:24.920522', 'Odgovor212 ', 1532, 'SQF2O9ZEB', '0200650654068');
INSERT INTO public.pitanje_odgovor (vrijeme, value, pitanje_id, alias, jmbg_predavaca) VALUES ('2020-01-16 23:02:24.920522', 'Nisam siguran', 1533, 'SQF2O9ZEB', '0200650654068');
INSERT INTO public.pitanje_odgovor (vrijeme, value, pitanje_id, alias, jmbg_predavaca) VALUES ('2020-01-16 23:02:24.920522', '4', 1534, 'SQF2O9ZEB', '0200650654068');
INSERT INTO public.pitanje_odgovor (vrijeme, value, pitanje_id, alias, jmbg_predavaca) VALUES ('2020-01-16 23:04:28.750553', 'DA', 1535, 'Z6Y7U582R', null);
INSERT INTO public.pitanje_odgovor (vrijeme, value, pitanje_id, alias, jmbg_predavaca) VALUES ('2020-01-16 23:04:28.750553', 'Odgovor451', 1536, 'Z6Y7U582R', null);
INSERT INTO public.pitanje_odgovor (vrijeme, value, pitanje_id, alias, jmbg_predavaca) VALUES ('2020-01-16 23:04:28.750553', 'Malo', 1537, 'Z6Y7U582R', null);
INSERT INTO public.pitanje_odgovor (vrijeme, value, pitanje_id, alias, jmbg_predavaca) VALUES ('2020-01-16 23:04:28.750553', '4', 1538, 'Z6Y7U582R', null);
INSERT INTO public.pitanje_odgovor (vrijeme, value, pitanje_id, alias, jmbg_predavaca) VALUES ('2020-01-16 23:04:28.750553', 'da', 1527, 'Z6Y7U582R', '7416684164200');
INSERT INTO public.pitanje_odgovor (vrijeme, value, pitanje_id, alias, jmbg_predavaca) VALUES ('2020-01-16 23:04:28.750553', 'Odgovor642', 1528, 'Z6Y7U582R', '7416684164200');
INSERT INTO public.pitanje_odgovor (vrijeme, value, pitanje_id, alias, jmbg_predavaca) VALUES ('2020-01-16 23:04:28.750553', 'Malo', 1529, 'Z6Y7U582R', '7416684164200');
INSERT INTO public.pitanje_odgovor (vrijeme, value, pitanje_id, alias, jmbg_predavaca) VALUES ('2020-01-16 23:04:28.750553', '2', 1530, 'Z6Y7U582R', '7416684164200');
INSERT INTO public.pitanje_odgovor (vrijeme, value, pitanje_id, alias, jmbg_predavaca) VALUES ('2020-01-16 23:04:28.750553', 'ne', 1531, 'Z6Y7U582R', '0200650654068');
INSERT INTO public.pitanje_odgovor (vrijeme, value, pitanje_id, alias, jmbg_predavaca) VALUES ('2020-01-16 23:04:28.750553', 'Odgovor248 ', 1532, 'Z6Y7U582R', '0200650654068');
INSERT INTO public.pitanje_odgovor (vrijeme, value, pitanje_id, alias, jmbg_predavaca) VALUES ('2020-01-16 23:04:28.750553', 'Poprilino', 1533, 'Z6Y7U582R', '0200650654068');
INSERT INTO public.pitanje_odgovor (vrijeme, value, pitanje_id, alias, jmbg_predavaca) VALUES ('2020-01-16 23:04:28.750553', '1', 1534, 'Z6Y7U582R', '0200650654068');
INSERT INTO public.pitanje_odgovor (vrijeme, value, pitanje_id, alias, jmbg_predavaca) VALUES ('2020-01-16 23:07:25.808473', 'DA', 1535, 'SO4ECEGOR', null);
INSERT INTO public.pitanje_odgovor (vrijeme, value, pitanje_id, alias, jmbg_predavaca) VALUES ('2020-01-16 23:07:25.808473', 'Odgovor41', 1536, 'SO4ECEGOR', null);
INSERT INTO public.pitanje_odgovor (vrijeme, value, pitanje_id, alias, jmbg_predavaca) VALUES ('2020-01-16 23:07:25.808473', 'Mnogo', 1537, 'SO4ECEGOR', null);
INSERT INTO public.pitanje_odgovor (vrijeme, value, pitanje_id, alias, jmbg_predavaca) VALUES ('2020-01-16 23:07:25.808473', '4', 1538, 'SO4ECEGOR', null);
INSERT INTO public.pitanje_odgovor (vrijeme, value, pitanje_id, alias, jmbg_predavaca) VALUES ('2020-01-16 23:07:25.808473', 'DA', 1527, 'SO4ECEGOR', '1254704369054');
INSERT INTO public.pitanje_odgovor (vrijeme, value, pitanje_id, alias, jmbg_predavaca) VALUES ('2020-01-16 23:07:25.808473', 'Odgovor17', 1528, 'SO4ECEGOR', '1254704369054');
INSERT INTO public.pitanje_odgovor (vrijeme, value, pitanje_id, alias, jmbg_predavaca) VALUES ('2020-01-16 23:07:25.808473', 'Mnogo', 1529, 'SO4ECEGOR', '1254704369054');
INSERT INTO public.pitanje_odgovor (vrijeme, value, pitanje_id, alias, jmbg_predavaca) VALUES ('2020-01-16 23:07:25.808473', '5', 1530, 'SO4ECEGOR', '1254704369054');
INSERT INTO public.pitanje_odgovor (vrijeme, value, pitanje_id, alias, jmbg_predavaca) VALUES ('2020-01-16 23:07:25.808473', 'ne', 1531, 'SO4ECEGOR', '0200650654068');
INSERT INTO public.pitanje_odgovor (vrijeme, value, pitanje_id, alias, jmbg_predavaca) VALUES ('2020-01-16 23:07:25.808473', 'Odgovor28 ', 1532, 'SO4ECEGOR', '0200650654068');
INSERT INTO public.pitanje_odgovor (vrijeme, value, pitanje_id, alias, jmbg_predavaca) VALUES ('2020-01-16 23:07:25.808473', 'Nikako', 1533, 'SO4ECEGOR', '0200650654068');
INSERT INTO public.pitanje_odgovor (vrijeme, value, pitanje_id, alias, jmbg_predavaca) VALUES ('2020-01-16 23:07:25.808473', '2', 1534, 'SO4ECEGOR', '0200650654068');
INSERT INTO public.pitanje_odgovor (vrijeme, value, pitanje_id, alias, jmbg_predavaca) VALUES ('2020-01-16 23:08:47.330278', 'NE', 1535, 'BMZU02DO7', null);
INSERT INTO public.pitanje_odgovor (vrijeme, value, pitanje_id, alias, jmbg_predavaca) VALUES ('2020-01-16 23:08:47.330278', 'ne volim ovaj predmet', 1536, 'BMZU02DO7', null);
INSERT INTO public.pitanje_odgovor (vrijeme, value, pitanje_id, alias, jmbg_predavaca) VALUES ('2020-01-16 23:08:47.330278', 'Nikako', 1537, 'BMZU02DO7', null);
INSERT INTO public.pitanje_odgovor (vrijeme, value, pitanje_id, alias, jmbg_predavaca) VALUES ('2020-01-16 23:08:47.330278', '1', 1538, 'BMZU02DO7', null);
INSERT INTO public.pitanje_odgovor (vrijeme, value, pitanje_id, alias, jmbg_predavaca) VALUES ('2020-01-16 23:08:47.330278', 'DA', 1527, 'BMZU02DO7', '1254704369054');
INSERT INTO public.pitanje_odgovor (vrijeme, value, pitanje_id, alias, jmbg_predavaca) VALUES ('2020-01-16 23:08:47.330278', 'Odgovor845', 1528, 'BMZU02DO7', '1254704369054');
INSERT INTO public.pitanje_odgovor (vrijeme, value, pitanje_id, alias, jmbg_predavaca) VALUES ('2020-01-16 23:08:47.330278', 'Mnogo', 1529, 'BMZU02DO7', '1254704369054');
INSERT INTO public.pitanje_odgovor (vrijeme, value, pitanje_id, alias, jmbg_predavaca) VALUES ('2020-01-16 23:08:47.330278', '5', 1530, 'BMZU02DO7', '1254704369054');
INSERT INTO public.pitanje_odgovor (vrijeme, value, pitanje_id, alias, jmbg_predavaca) VALUES ('2020-01-16 23:08:47.330278', 'DA', 1531, 'BMZU02DO7', '0200650654068');
INSERT INTO public.pitanje_odgovor (vrijeme, value, pitanje_id, alias, jmbg_predavaca) VALUES ('2020-01-16 23:08:47.330278', 'Odgovor486 ', 1532, 'BMZU02DO7', '0200650654068');
INSERT INTO public.pitanje_odgovor (vrijeme, value, pitanje_id, alias, jmbg_predavaca) VALUES ('2020-01-16 23:08:47.330278', 'Poprilino', 1533, 'BMZU02DO7', '0200650654068');
INSERT INTO public.pitanje_odgovor (vrijeme, value, pitanje_id, alias, jmbg_predavaca) VALUES ('2020-01-16 23:08:47.330278', '5', 1534, 'BMZU02DO7', '0200650654068');
INSERT INTO public.pitanje_odgovor (vrijeme, value, pitanje_id, alias, jmbg_predavaca) VALUES ('2020-01-16 23:09:59.876765', 'NE', 1535, 'BK4BYN2IB', null);
INSERT INTO public.pitanje_odgovor (vrijeme, value, pitanje_id, alias, jmbg_predavaca) VALUES ('2020-01-16 23:09:59.876765', 'ni ja', 1536, 'BK4BYN2IB', null);
INSERT INTO public.pitanje_odgovor (vrijeme, value, pitanje_id, alias, jmbg_predavaca) VALUES ('2020-01-16 23:09:59.876765', 'Nikako', 1537, 'BK4BYN2IB', null);
INSERT INTO public.pitanje_odgovor (vrijeme, value, pitanje_id, alias, jmbg_predavaca) VALUES ('2020-01-16 23:09:59.876765', '2', 1538, 'BK4BYN2IB', null);
INSERT INTO public.pitanje_odgovor (vrijeme, value, pitanje_id, alias, jmbg_predavaca) VALUES ('2020-01-16 23:09:59.876765', 'DA', 1527, 'BK4BYN2IB', '1254704369054');
INSERT INTO public.pitanje_odgovor (vrijeme, value, pitanje_id, alias, jmbg_predavaca) VALUES ('2020-01-16 23:09:59.876765', 'Odgovor456', 1528, 'BK4BYN2IB', '1254704369054');
INSERT INTO public.pitanje_odgovor (vrijeme, value, pitanje_id, alias, jmbg_predavaca) VALUES ('2020-01-16 23:09:59.876765', 'Poprilino', 1529, 'BK4BYN2IB', '1254704369054');
INSERT INTO public.pitanje_odgovor (vrijeme, value, pitanje_id, alias, jmbg_predavaca) VALUES ('2020-01-16 23:09:59.876765', '4', 1530, 'BK4BYN2IB', '1254704369054');
INSERT INTO public.pitanje_odgovor (vrijeme, value, pitanje_id, alias, jmbg_predavaca) VALUES ('2020-01-16 23:09:59.876765', 'DA', 1531, 'BK4BYN2IB', '0200650654068');
INSERT INTO public.pitanje_odgovor (vrijeme, value, pitanje_id, alias, jmbg_predavaca) VALUES ('2020-01-16 23:09:59.876765', 'Odgovor952 ', 1532, 'BK4BYN2IB', '0200650654068');
INSERT INTO public.pitanje_odgovor (vrijeme, value, pitanje_id, alias, jmbg_predavaca) VALUES ('2020-01-16 23:09:59.876765', 'Mnogo', 1533, 'BK4BYN2IB', '0200650654068');
INSERT INTO public.pitanje_odgovor (vrijeme, value, pitanje_id, alias, jmbg_predavaca) VALUES ('2020-01-16 23:09:59.876765', '4', 1534, 'BK4BYN2IB', '0200650654068');
INSERT INTO public.pitanje_odgovor (vrijeme, value, pitanje_id, alias, jmbg_predavaca) VALUES ('2020-01-16 23:11:22.976817', 'DA', 1535, 'G5EENKU01', null);
INSERT INTO public.pitanje_odgovor (vrijeme, value, pitanje_id, alias, jmbg_predavaca) VALUES ('2020-01-16 23:11:22.976817', 'odg 312', 1536, 'G5EENKU01', null);
INSERT INTO public.pitanje_odgovor (vrijeme, value, pitanje_id, alias, jmbg_predavaca) VALUES ('2020-01-16 23:11:22.976817', 'Mnogo', 1537, 'G5EENKU01', null);
INSERT INTO public.pitanje_odgovor (vrijeme, value, pitanje_id, alias, jmbg_predavaca) VALUES ('2020-01-16 23:11:22.976817', '5', 1538, 'G5EENKU01', null);
INSERT INTO public.pitanje_odgovor (vrijeme, value, pitanje_id, alias, jmbg_predavaca) VALUES ('2020-01-16 23:11:22.976817', 'NE', 1527, 'G5EENKU01', '1254704369054');
INSERT INTO public.pitanje_odgovor (vrijeme, value, pitanje_id, alias, jmbg_predavaca) VALUES ('2020-01-16 23:11:22.976817', 'Odgovor 541', 1528, 'G5EENKU01', '1254704369054');
INSERT INTO public.pitanje_odgovor (vrijeme, value, pitanje_id, alias, jmbg_predavaca) VALUES ('2020-01-16 23:11:22.976817', 'Poprilino', 1529, 'G5EENKU01', '1254704369054');
INSERT INTO public.pitanje_odgovor (vrijeme, value, pitanje_id, alias, jmbg_predavaca) VALUES ('2020-01-16 23:11:22.976817', '2', 1530, 'G5EENKU01', '1254704369054');
INSERT INTO public.pitanje_odgovor (vrijeme, value, pitanje_id, alias, jmbg_predavaca) VALUES ('2020-01-16 23:11:22.976817', 'DA', 1531, 'G5EENKU01', '0200650654068');
INSERT INTO public.pitanje_odgovor (vrijeme, value, pitanje_id, alias, jmbg_predavaca) VALUES ('2020-01-16 23:11:22.976817', 'Odgovor 784 ', 1532, 'G5EENKU01', '0200650654068');
INSERT INTO public.pitanje_odgovor (vrijeme, value, pitanje_id, alias, jmbg_predavaca) VALUES ('2020-01-16 23:11:22.976817', 'Poprilino', 1533, 'G5EENKU01', '0200650654068');
INSERT INTO public.pitanje_odgovor (vrijeme, value, pitanje_id, alias, jmbg_predavaca) VALUES ('2020-01-16 23:11:22.976817', '3', 1534, 'G5EENKU01', '0200650654068');
INSERT INTO public.pitanje_odgovor (vrijeme, value, pitanje_id, alias, jmbg_predavaca) VALUES ('2020-01-17 22:40:16.446472', 'da', 1535, 'DQL1XOBAX', null);
INSERT INTO public.pitanje_odgovor (vrijeme, value, pitanje_id, alias, jmbg_predavaca) VALUES ('2020-01-17 22:40:16.446472', 'ODG1', 1536, 'DQL1XOBAX', null);
INSERT INTO public.pitanje_odgovor (vrijeme, value, pitanje_id, alias, jmbg_predavaca) VALUES ('2020-01-17 22:40:16.446472', 'Mnogo', 1537, 'DQL1XOBAX', null);
INSERT INTO public.pitanje_odgovor (vrijeme, value, pitanje_id, alias, jmbg_predavaca) VALUES ('2020-01-17 22:40:16.446472', '4', 1538, 'DQL1XOBAX', null);
INSERT INTO public.pitanje_odgovor (vrijeme, value, pitanje_id, alias, jmbg_predavaca) VALUES ('2020-01-17 22:40:16.446472', 'ne', 1527, 'DQL1XOBAX', '1254789654258');
INSERT INTO public.pitanje_odgovor (vrijeme, value, pitanje_id, alias, jmbg_predavaca) VALUES ('2020-01-17 22:40:16.446472', 'ODG2', 1528, 'DQL1XOBAX', '1254789654258');
INSERT INTO public.pitanje_odgovor (vrijeme, value, pitanje_id, alias, jmbg_predavaca) VALUES ('2020-01-17 22:40:16.446472', 'Nikako', 1529, 'DQL1XOBAX', '1254789654258');
INSERT INTO public.pitanje_odgovor (vrijeme, value, pitanje_id, alias, jmbg_predavaca) VALUES ('2020-01-17 22:40:16.446472', '5', 1530, 'DQL1XOBAX', '1254789654258');
INSERT INTO public.pitanje_odgovor (vrijeme, value, pitanje_id, alias, jmbg_predavaca) VALUES ('2020-01-17 22:40:16.446472', 'ne', 1531, 'DQL1XOBAX', '5567891056409');
INSERT INTO public.pitanje_odgovor (vrijeme, value, pitanje_id, alias, jmbg_predavaca) VALUES ('2020-01-17 22:40:16.446472', 'ODG3', 1532, 'DQL1XOBAX', '5567891056409');
INSERT INTO public.pitanje_odgovor (vrijeme, value, pitanje_id, alias, jmbg_predavaca) VALUES ('2020-01-17 22:40:16.446472', 'Poprilino', 1533, 'DQL1XOBAX', '5567891056409');
INSERT INTO public.pitanje_odgovor (vrijeme, value, pitanje_id, alias, jmbg_predavaca) VALUES ('2020-01-17 22:40:16.446472', '2', 1534, 'DQL1XOBAX', '5567891056409');

INSERT INTO public.pitanje_tip (id, tip) VALUES (1, 'Pitanje za predmet');
INSERT INTO public.pitanje_tip (id, tip) VALUES (2, 'Pitanje za profesora');
INSERT INTO public.pitanje_tip (id, tip) VALUES (3, 'Pitanje za asistenta');

INSERT INTO public.pitanje_vrsta (id, vrsta) VALUES (1, 'DA/NE');
INSERT INTO public.pitanje_vrsta (id, vrsta) VALUES (2, 'Tekstualno');
INSERT INTO public.pitanje_vrsta (id, vrsta) VALUES (3, 'Viestruki izbor');


INSERT INTO public.predmet (id, naziv, br_sati_sedmicno) VALUES (1, 'Analiza 1', 8);
INSERT INTO public.predmet (id, naziv, br_sati_sedmicno) VALUES (2, 'Raunarski sistemi', 6);
INSERT INTO public.predmet (id, naziv, br_sati_sedmicno) VALUES (3, 'Programiranje I', 6);
INSERT INTO public.predmet (id, naziv, br_sati_sedmicno) VALUES (4, 'Elementarna matematika', 4);
INSERT INTO public.predmet (id, naziv, br_sati_sedmicno) VALUES (5, 'Uvod u motematiku', 5);
INSERT INTO public.predmet (id, naziv, br_sati_sedmicno) VALUES (6, 'Analitika geometrija', 4);
INSERT INTO public.predmet (id, naziv, br_sati_sedmicno) VALUES (7, 'Analiza II', 8);
INSERT INTO public.predmet (id, naziv, br_sati_sedmicno) VALUES (8, 'Elementarna teorija brojeva', 4);
INSERT INTO public.predmet (id, naziv, br_sati_sedmicno) VALUES (9, 'Programiranje II', 7);
INSERT INTO public.predmet (id, naziv, br_sati_sedmicno) VALUES (10, 'Linearna algebra', 6);
INSERT INTO public.predmet (id, naziv, br_sati_sedmicno) VALUES (11, 'Odabrana poglavlja analize', 6);
INSERT INTO public.predmet (id, naziv, br_sati_sedmicno) VALUES (12, 'Teorija vjerovatnoe', 4);
INSERT INTO public.predmet (id, naziv, br_sati_sedmicno) VALUES (13, 'Kriptologija', 3);
INSERT INTO public.predmet (id, naziv, br_sati_sedmicno) VALUES (14, 'Numerike metode', 5);
INSERT INTO public.predmet (id, naziv, br_sati_sedmicno) VALUES (15, 'Diferencijalne jednaine', 5);
INSERT INTO public.predmet (id, naziv, br_sati_sedmicno) VALUES (16, 'Strukture podataka i algoritmi', 7);
INSERT INTO public.predmet (id, naziv, br_sati_sedmicno) VALUES (17, 'Statistika I', 5);
INSERT INTO public.predmet (id, naziv, br_sati_sedmicno) VALUES (18, 'Teorija izraunljivosti', 5);
INSERT INTO public.predmet (id, naziv, br_sati_sedmicno) VALUES (19, 'Raunarske mree', 4);
INSERT INTO public.predmet (id, naziv, br_sati_sedmicno) VALUES (20, 'Operativni sistemi', 4);
INSERT INTO public.predmet (id, naziv, br_sati_sedmicno) VALUES (21, 'Algebra za kompjuterske nauke', 5);
INSERT INTO public.predmet (id, naziv, br_sati_sedmicno) VALUES (22, 'Raunarske arhitekture', 4);
INSERT INTO public.predmet (id, naziv, br_sati_sedmicno) VALUES (23, 'Kombinatorika', 4);
INSERT INTO public.predmet (id, naziv, br_sati_sedmicno) VALUES (24, 'Baze podataka', 5);
INSERT INTO public.predmet (id, naziv, br_sati_sedmicno) VALUES (25, 'Analiza i sinteza algoritama', 5);
INSERT INTO public.predmet (id, naziv, br_sati_sedmicno) VALUES (26, 'Web porgramiranje', 4);
INSERT INTO public.predmet (id, naziv, br_sati_sedmicno) VALUES (27, 'Razvoj softvera', 5);
INSERT INTO public.predmet (id, naziv, br_sati_sedmicno) VALUES (28, 'Operaciona istraivanja', 5);
INSERT INTO public.predmet (id, naziv, br_sati_sedmicno) VALUES (29, 'Kompajleri', 4);
INSERT INTO public.predmet (id, naziv, br_sati_sedmicno) VALUES (30, 'Odabrana poglavlja kompjuterskih nauka', 4);
INSERT INTO public.predmet (id, naziv, br_sati_sedmicno) VALUES (31, 'Mreno programiranje', 4);
INSERT INTO public.predmet (id, naziv, br_sati_sedmicno) VALUES (32, 'Dinamiki sistemi', 4);
INSERT INTO public.predmet (id, naziv, br_sati_sedmicno) VALUES (33, 'Teorija grafova', 5);
INSERT INTO public.predmet (id, naziv, br_sati_sedmicno) VALUES (34, 'Komparativna analiza programskih jezika', 5);
INSERT INTO public.predmet (id, naziv, br_sati_sedmicno) VALUES (35, 'Mainsko uenje', 4);
INSERT INTO public.predmet (id, naziv, br_sati_sedmicno) VALUES (36, 'Uvod u kompjutersku geometriju', 4);
INSERT INTO public.predmet (id, naziv, br_sati_sedmicno) VALUES (37, 'Dinamiki web sistemi', 4);
INSERT INTO public.predmet (id, naziv, br_sati_sedmicno) VALUES (38, 'Uvod u vjetaku inteligenciju', 4);
INSERT INTO public.predmet (id, naziv, br_sati_sedmicno) VALUES (39, 'Razvoj mobilnih aplikacija', 4);
INSERT INTO public.predmet (id, naziv, br_sati_sedmicno) VALUES (40, 'Cjelobrojno programiranje', 4);
INSERT INTO public.predmet (id, naziv, br_sati_sedmicno) VALUES (41, 'Odabrana poglavlja teorije grafova', 4);


INSERT INTO public.profesor (jmbg, ime, prezime, datum_rodj, rank) VALUES ('1254789654258', 'Adis', 'Alihodi', '1982-04-25', 1);
INSERT INTO public.profesor (jmbg, ime, prezime, datum_rodj, rank) VALUES ('1254704369054', 'Esmir', 'Pilav', '1978-11-08', 3);
INSERT INTO public.profesor (jmbg, ime, prezime, datum_rodj, rank) VALUES ('8475962554875', 'Senada', 'Kalabui', '1969-05-19', 3);
INSERT INTO public.profesor (jmbg, ime, prezime, datum_rodj, rank) VALUES ('2356407126489', 'Damir', 'Hasi', '1982-12-07', 1);
INSERT INTO public.profesor (jmbg, ime, prezime, datum_rodj, rank) VALUES ('1204580694167', 'Elmedin', 'Selmanovic', '1980-03-23', 2);
INSERT INTO public.profesor (jmbg, ime, prezime, datum_rodj, rank) VALUES ('1257796542358', 'Almasa', 'Odak', '1982-01-27', 2);
INSERT INTO public.profesor (jmbg, ime, prezime, datum_rodj, rank) VALUES ('7416684164200', 'Fikret', 'unjalo', '1957-09-01', 3);
INSERT INTO public.profesor (jmbg, ime, prezime, datum_rodj, rank) VALUES ('5612874359742', 'Samir', 'Ribi', '1951-04-08', 2);

INSERT INTO public.smjer (id, br_semestara, odsjek_id, naziv) VALUES (1, 6, 1, 'Nastavniki matematika');
INSERT INTO public.smjer (id, br_semestara, odsjek_id, naziv) VALUES (2, 6, 1, 'Opi');
INSERT INTO public.smjer (id, br_semestara, odsjek_id, naziv) VALUES (3, 6, 1, 'Teorijska kompjuterska nauka');
INSERT INTO public.smjer (id, br_semestara, odsjek_id, naziv) VALUES (5, 6, 2, 'Genetika i bioininjering');
INSERT INTO public.smjer (id, br_semestara, odsjek_id, naziv) VALUES (10, 6, 1, 'Primijenjena matematika');


INSERT INTO public.smjer_predmet (predmet_id, smjer_id, semestar, izborni, ects, profesor_id) VALUES (1, 3, 1, false, 9, '8475962554875');
INSERT INTO public.smjer_predmet (predmet_id, smjer_id, semestar, izborni, ects, profesor_id) VALUES (2, 3, 1, false, 6, '1254789654258');
INSERT INTO public.smjer_predmet (predmet_id, smjer_id, semestar, izborni, ects, profesor_id) VALUES (7, 3, 2, false, 8, '8475962554875');
INSERT INTO public.smjer_predmet (predmet_id, smjer_id, semestar, izborni, ects, profesor_id) VALUES (7, 2, 2, false, 8, '8475962554875');
INSERT INTO public.smjer_predmet (predmet_id, smjer_id, semestar, izborni, ects, profesor_id) VALUES (9, 3, 2, false, 7, '1254789654258');
INSERT INTO public.smjer_predmet (predmet_id, smjer_id, semestar, izborni, ects, profesor_id) VALUES (10, 3, 2, false, 6, '1257796542358');
INSERT INTO public.smjer_predmet (predmet_id, smjer_id, semestar, izborni, ects, profesor_id) VALUES (12, 3, 3, false, 4, '7416684164200');
INSERT INTO public.smjer_predmet (predmet_id, smjer_id, semestar, izborni, ects, profesor_id) VALUES (16, 3, 3, false, 7, '1254704369054');
INSERT INTO public.smjer_predmet (predmet_id, smjer_id, semestar, izborni, ects, profesor_id) VALUES (18, 3, 4, false, 6, '1254704369054');
INSERT INTO public.smjer_predmet (predmet_id, smjer_id, semestar, izborni, ects, profesor_id) VALUES (20, 3, 4, false, 4, '5612874359742');
INSERT INTO public.smjer_predmet (predmet_id, smjer_id, semestar, izborni, ects, profesor_id) VALUES (24, 3, 5, false, 5, '1254789654258');
INSERT INTO public.smjer_predmet (predmet_id, smjer_id, semestar, izborni, ects, profesor_id) VALUES (27, 3, 5, false, 5, '2356407126489');
INSERT INTO public.smjer_predmet (predmet_id, smjer_id, semestar, izborni, ects, profesor_id) VALUES (26, 3, 5, false, 5, '1204580694167');
INSERT INTO public.smjer_predmet (predmet_id, smjer_id, semestar, izborni, ects, profesor_id) VALUES (29, 3, 5, true, 4, '5612874359742');
INSERT INTO public.smjer_predmet (predmet_id, smjer_id, semestar, izborni, ects, profesor_id) VALUES (33, 3, 6, false, 6, '2356407126489');
INSERT INTO public.smjer_predmet (predmet_id, smjer_id, semestar, izborni, ects, profesor_id) VALUES (35, 3, 6, false, 5, '1254789654258');
INSERT INTO public.smjer_predmet (predmet_id, smjer_id, semestar, izborni, ects, profesor_id) VALUES (36, 3, 6, false, 4, '1254789654258');
INSERT INTO public.smjer_predmet (predmet_id, smjer_id, semestar, izborni, ects, profesor_id) VALUES (38, 3, 6, true, 5, '1254789654258');
INSERT INTO public.smjer_predmet (predmet_id, smjer_id, semestar, izborni, ects, profesor_id) VALUES (23, 2, 4, false, 5, '7416684164200');
INSERT INTO public.smjer_predmet (predmet_id, smjer_id, semestar, izborni, ects, profesor_id) VALUES (33, 10, 6, false, 6, '1257796542358');
INSERT INTO public.smjer_predmet (predmet_id, smjer_id, semestar, izborni, ects, profesor_id) VALUES (13, 10, 5, true, 3, '2356407126489');


INSERT INTO public.student (ime, prezime, broj_idx, datum_rodj, smjer_id, semestar, grad) VALUES ('A1', 'B1', '1111', '1998-02-11', 2, 2, null);
INSERT INTO public.student (ime, prezime, broj_idx, datum_rodj, smjer_id, semestar, grad) VALUES ('A2', 'B2', '1112', '1998-03-11', 2, 4, null);
INSERT INTO public.student (ime, prezime, broj_idx, datum_rodj, smjer_id, semestar, grad) VALUES ('A3', 'B3', '1113', '1988-02-01', 3, 5, null);
INSERT INTO public.student (ime, prezime, broj_idx, datum_rodj, smjer_id, semestar, grad) VALUES ('A4', 'B4', '1114', '1999-12-24', 3, 3, null);
INSERT INTO public.student (ime, prezime, broj_idx, datum_rodj, smjer_id, semestar, grad) VALUES ('A5', 'B5', '1115', '1994-04-17', 3, 1, null);
INSERT INTO public.student (ime, prezime, broj_idx, datum_rodj, smjer_id, semestar, grad) VALUES ('A6', 'B6', '1116', '1999-08-08', 3, 3, null);
INSERT INTO public.student (ime, prezime, broj_idx, datum_rodj, smjer_id, semestar, grad) VALUES ('A7', 'B7', '1117', '1990-05-06', 3, 1, null);
INSERT INTO public.student (ime, prezime, broj_idx, datum_rodj, smjer_id, semestar, grad) VALUES ('A8', 'B8', '1118', '2000-06-12', 3, 5, null);
INSERT INTO public.student (ime, prezime, broj_idx, datum_rodj, smjer_id, semestar, grad) VALUES ('A9', 'B9', '1119', '1995-10-31', 3, 5, null);
INSERT INTO public.student (ime, prezime, broj_idx, datum_rodj, smjer_id, semestar, grad) VALUES ('A10', 'B10', '1120', '1988-02-28', 3, 3, null);
INSERT INTO public.student (ime, prezime, broj_idx, datum_rodj, smjer_id, semestar, grad) VALUES ('A11', 'B11', '1121', '1996-01-19', 3, 3, null);


INSERT INTO public.student_alias (alias, broj_idx, popunio) VALUES ('7G44NEXDP', '1111', true);
INSERT INTO public.student_alias (alias, broj_idx, popunio) VALUES ('03Z8G8PJ5', '1112', true);
INSERT INTO public.student_alias (alias, broj_idx, popunio) VALUES ('PBR1INLTB', '1113', true);
INSERT INTO public.student_alias (alias, broj_idx, popunio) VALUES ('0DQPTZA45', '1113', true);
INSERT INTO public.student_alias (alias, broj_idx, popunio) VALUES ('E3G020MUK', '1118', true);
INSERT INTO public.student_alias (alias, broj_idx, popunio) VALUES ('2EIQZ4WMV', '1118', true);
INSERT INTO public.student_alias (alias, broj_idx, popunio) VALUES ('B1JM11110', '1119', true);
INSERT INTO public.student_alias (alias, broj_idx, popunio) VALUES ('JUGQHIZB3', '1119', true);
INSERT INTO public.student_alias (alias, broj_idx, popunio) VALUES ('OZFC7MU3L', '1117', true);
INSERT INTO public.student_alias (alias, broj_idx, popunio) VALUES ('Z7EO8MNNZ', '1115', true);
INSERT INTO public.student_alias (alias, broj_idx, popunio) VALUES ('PRMF29ETC', '1117', true);
INSERT INTO public.student_alias (alias, broj_idx, popunio) VALUES ('52PE5RSWT', '1115', true);
INSERT INTO public.student_alias (alias, broj_idx, popunio) VALUES ('M7L57NIVA', '1118', true);
INSERT INTO public.student_alias (alias, broj_idx, popunio) VALUES ('BMMG3U8YC', '1121', true);
INSERT INTO public.student_alias (alias, broj_idx, popunio) VALUES ('3TQ5AY68N', '1120', true);
INSERT INTO public.student_alias (alias, broj_idx, popunio) VALUES ('SQF2O9ZEB', '1116', true);
INSERT INTO public.student_alias (alias, broj_idx, popunio) VALUES ('Z6Y7U582R', '1114', true);
INSERT INTO public.student_alias (alias, broj_idx, popunio) VALUES ('SO4ECEGOR', '1121', true);
INSERT INTO public.student_alias (alias, broj_idx, popunio) VALUES ('BMZU02DO7', '1120', true);
INSERT INTO public.student_alias (alias, broj_idx, popunio) VALUES ('BK4BYN2IB', '1116', true);
INSERT INTO public.student_alias (alias, broj_idx, popunio) VALUES ('G5EENKU01', '1114', true);
INSERT INTO public.student_alias (alias, broj_idx, popunio) VALUES ('DQL1XOBAX', '1113', true);
INSERT INTO public.student_alias (alias, broj_idx, popunio) VALUES ('KE8IGLQEV', '1119', false);


INSERT INTO public.tekst_odgovor (pitanje_id, odgovor) VALUES (1529, 'Nikako');
INSERT INTO public.tekst_odgovor (pitanje_id, odgovor) VALUES (1529, 'Malo');
INSERT INTO public.tekst_odgovor (pitanje_id, odgovor) VALUES (1529, 'Nisam siguran');
INSERT INTO public.tekst_odgovor (pitanje_id, odgovor) VALUES (1529, 'Poprilino');
INSERT INTO public.tekst_odgovor (pitanje_id, odgovor) VALUES (1529, 'Mnogo');
INSERT INTO public.tekst_odgovor (pitanje_id, odgovor) VALUES (1533, 'Nikako');
INSERT INTO public.tekst_odgovor (pitanje_id, odgovor) VALUES (1533, 'Malo');
INSERT INTO public.tekst_odgovor (pitanje_id, odgovor) VALUES (1533, 'Nisam siguran');
INSERT INTO public.tekst_odgovor (pitanje_id, odgovor) VALUES (1533, 'Poprilino');
INSERT INTO public.tekst_odgovor (pitanje_id, odgovor) VALUES (1533, 'Mnogo');
INSERT INTO public.tekst_odgovor (pitanje_id, odgovor) VALUES (1537, 'Nikako');
INSERT INTO public.tekst_odgovor (pitanje_id, odgovor) VALUES (1537, 'Malo');
INSERT INTO public.tekst_odgovor (pitanje_id, odgovor) VALUES (1537, 'Nisam siguran');
INSERT INTO public.tekst_odgovor (pitanje_id, odgovor) VALUES (1537, 'Poprilino');
INSERT INTO public.tekst_odgovor (pitanje_id, odgovor) VALUES (1537, 'Mnogo');
INSERT INTO public.tekst_odgovor (pitanje_id, odgovor) VALUES (1539, '8');
INSERT INTO public.tekst_odgovor (pitanje_id, odgovor) VALUES (1539, '4');
INSERT INTO public.tekst_odgovor (pitanje_id, odgovor) VALUES (1539, '12');
